episode,env_step,reward,episode_steps,epsilon,gradient_updates,buffer_size,mean_loss,wall_clock_s
1,1095,-19.0,1095,0.995668,0,1095,,1.3
2,2026,-20.0,931,0.991981,0,2026,,2.4
3,3076,-20.0,1050,0.987823,0,3076,,3.6
4,4067,-21.0,991,0.983899,0,4067,,4.8
5,4994,-21.0,927,0.980228,0,4994,,5.8
6,5989,-19.0,995,0.976288,0,5989,,7.0
7,6753,-21.0,764,0.973262,0,6753,,7.9
8,7536,-21.0,783,0.970161,0,7536,,8.8
9,8319,-21.0,783,0.967061,0,8319,,9.7
10,9171,-21.0,852,0.963687,0,9171,,10.7
11,10176,-21.0,1005,0.959707,0,10176,,11.9
12,11217,-20.0,1041,0.955585,0,11217,,13.1
13,12148,-21.0,931,0.951898,0,12148,,14.2
14,13064,-21.0,916,0.948271,0,13064,,15.3
15,13944,-21.0,880,0.944786,0,13944,,16.4
16,14884,-21.0,940,0.941063,0,14884,,17.5
17,15911,-21.0,1027,0.936996,0,15911,,18.7
18,16781,-21.0,870,0.933551,0,16781,,19.8
19,17605,-21.0,824,0.930288,0,17605,,20.7
20,18661,-19.0,1056,0.926106,0,18661,,22.0
21,19718,-19.0,1057,0.921921,0,19718,,23.2
22,20482,-21.0,764,0.918895,0,20482,,24.1
23,21246,-21.0,764,0.915870,0,21246,,25.0
24,22206,-20.0,960,0.912068,0,22206,,26.2
25,23373,-18.0,1167,0.907447,0,23373,,27.6
26,24234,-20.0,861,0.904037,0,24234,,28.6
27,25166,-20.0,932,0.900347,0,25166,,29.7
28,26110,-21.0,944,0.896608,0,26110,,30.8
29,26953,-21.0,843,0.893270,0,26953,,31.8
30,27746,-21.0,793,0.890130,0,27746,,32.8
31,28794,-20.0,1048,0.885980,0,28794,,34.0
32,29706,-21.0,912,0.882368,0,29706,,35.1
33,30650,-21.0,944,0.878630,0,30650,,36.2
34,31689,-20.0,1039,0.874516,0,31689,,37.5
35,32648,-20.0,959,0.870718,0,32648,,38.6
36,33547,-20.0,899,0.867158,0,33547,,39.8
37,34399,-21.0,852,0.863784,0,34399,,40.8
38,35223,-21.0,824,0.860521,0,35223,,41.8
39,36049,-21.0,826,0.857250,0,36049,,42.8
40,37178,-20.0,1129,0.852779,0,37178,,44.1
41,38058,-21.0,880,0.849294,0,38058,,45.2
42,39069,-19.0,1011,0.845291,0,39069,,46.5
43,39940,-21.0,871,0.841842,0,39940,,47.5
44,40917,-20.0,977,0.837973,0,40917,,48.7
45,41681,-21.0,764,0.834947,0,41681,,49.7
46,42678,-19.0,997,0.830999,0,42678,,50.8
47,43504,-21.0,826,0.827728,0,43504,,51.9
48,44510,-20.0,1006,0.823744,0,44510,,53.1
49,45486,-21.0,976,0.819879,0,45486,,54.3
50,46400,-21.0,914,0.816260,0,46400,,55.3
51,47457,-21.0,1057,0.812074,0,47457,,56.6
52,48281,-21.0,824,0.808811,0,48281,,57.6
53,49045,-21.0,764,0.805786,0,49045,,58.5
54,49987,-21.0,942,0.802055,0,49987,,59.7
55,50811,-21.0,824,0.798792,203,50811,0.012179,62.8
56,52003,-18.0,1192,0.794072,501,52003,0.011293,67.2
57,52767,-21.0,764,0.791047,692,52767,0.011341,70.2
58,53559,-21.0,792,0.787910,890,53559,0.011421,73.2
59,54626,-19.0,1067,0.783685,1157,54626,0.011304,77.3
60,55478,-21.0,852,0.780311,1370,55478,0.011545,80.6
61,56304,-21.0,826,0.777040,1576,56304,0.011112,83.8
62,57246,-21.0,942,0.773310,1812,57246,0.011757,87.4
63,58186,-21.0,940,0.769587,2047,58186,0.012329,90.9
64,59120,-20.0,934,0.765889,2280,59120,0.010309,94.4
65,59912,-21.0,792,0.762752,2478,59912,0.011076,97.4
66,60755,-21.0,843,0.759414,2689,60755,0.012045,100.7
67,61881,-19.0,1126,0.754955,2971,61881,0.011068,105.0
68,62705,-21.0,824,0.751692,3177,62705,0.011842,108.1
69,63531,-21.0,826,0.748421,3383,63531,0.011977,111.4
70,64295,-21.0,764,0.745396,3574,64295,0.010837,114.3
71,65197,-20.0,902,0.741824,3800,65197,0.011671,117.9
72,66248,-20.0,1051,0.737662,4062,66248,0.011500,121.9
73,67149,-21.0,901,0.734094,4288,67149,0.012747,125.4
74,67913,-21.0,764,0.731068,4479,67913,0.012097,128.3
75,68677,-21.0,764,0.728043,4670,68677,0.011745,131.1
76,69658,-20.0,981,0.724158,4915,69658,0.013204,134.9
77,70540,-21.0,882,0.720666,5135,70540,0.011100,138.4
78,71304,-21.0,764,0.717640,5326,71304,0.012387,141.3
79,72201,-20.0,897,0.714088,5551,72201,0.010823,144.7
80,72965,-21.0,764,0.711063,5742,72965,0.011165,147.6
81,73789,-21.0,824,0.707800,5948,73789,0.011331,150.8
82,74897,-18.0,1108,0.703412,6225,74897,0.011024,155.0
83,75827,-20.0,930,0.699729,6457,75827,0.010083,158.7
84,76651,-21.0,824,0.696466,6663,76651,0.010610,161.7
85,77493,-20.0,842,0.693132,6874,77493,0.008357,165.0
86,78496,-21.0,1003,0.689160,7124,78496,0.008721,168.9
87,79422,-20.0,926,0.685493,7356,79422,0.007204,172.5
88,80430,-19.0,1008,0.681501,7608,80430,0.007362,176.5
89,81311,-21.0,881,0.678012,7828,81311,0.007595,180.0
90,82094,-21.0,783,0.674912,8024,82094,0.007451,183.0
91,82905,-21.0,811,0.671700,8227,82905,0.005558,186.1
92,83817,-21.0,912,0.668089,8455,83817,0.005663,189.6
93,84660,-21.0,843,0.664750,8665,84660,0.005354,192.9
94,85574,-21.0,914,0.661131,8894,85574,0.005648,196.6
95,86500,-20.0,926,0.657464,9125,86500,0.005989,200.3
96,87380,-21.0,880,0.653979,9345,87380,0.005599,203.7
97,88356,-19.0,976,0.650114,9589,88356,0.004857,207.6
98,89120,-21.0,764,0.647089,9780,89120,0.004123,210.7
99,90072,-20.0,952,0.643319,10018,90072,0.005652,214.5
100,90872,-21.0,800,0.640151,10218,90872,0.008101,217.7
101,91810,-19.0,938,0.636436,10453,91810,0.007258,221.6
102,92621,-21.0,811,0.633225,10656,92621,0.006504,225.1
103,93445,-21.0,824,0.629962,10862,93445,0.006816,228.5
104,94271,-21.0,826,0.626691,11068,94271,0.006134,231.8
105,95095,-21.0,824,0.623428,11274,95095,0.005718,235.0
106,95951,-20.0,856,0.620038,11488,95951,0.004591,238.5
107,96803,-21.0,852,0.616664,11701,96803,0.004880,241.9
108,97717,-21.0,914,0.613045,11930,97717,0.004404,245.6
109,98541,-21.0,824,0.609782,12136,98541,0.004125,249.0
110,99425,-21.0,884,0.606281,12357,99425,0.004700,252.6
111,100328,-21.0,903,0.602705,12582,100000,0.004522,256.3
112,101152,-21.0,824,0.599442,12788,100000,0.004641,259.7
113,102267,-19.0,1115,0.595027,13067,100000,0.003868,264.2
114,103059,-21.0,792,0.591890,13265,100000,0.003756,267.4
115,103881,-21.0,822,0.588635,13471,100000,0.003943,270.8
116,104645,-21.0,764,0.585610,13662,100000,0.004283,273.9
117,105469,-21.0,824,0.582347,13868,100000,0.003371,277.1
118,106475,-21.0,1006,0.578363,14119,100000,0.004381,281.2
119,107494,-21.0,1019,0.574328,14374,100000,0.004233,285.2
120,108420,-20.0,926,0.570661,14605,100000,0.004147,288.9
121,109245,-21.0,825,0.567394,14812,100000,0.003599,292.1
122,110116,-21.0,871,0.563945,15029,100000,0.003787,295.6
123,110908,-21.0,792,0.560808,15227,100000,0.003863,298.7
124,111750,-20.0,842,0.557474,15438,100000,0.003888,302.0
125,112574,-21.0,824,0.554211,15644,100000,0.004029,305.3
126,113493,-20.0,919,0.550572,15874,100000,0.003372,309.0
127,114319,-21.0,826,0.547301,16080,100000,0.003528,312.3
128,115143,-21.0,824,0.544038,16286,100000,0.003609,315.6
129,116043,-20.0,900,0.540474,16511,100000,0.003544,319.2
130,117021,-20.0,978,0.536601,16756,100000,0.004421,323.1
131,117955,-19.0,934,0.532902,16989,100000,0.003463,326.8
132,118779,-21.0,824,0.529639,17195,100000,0.003389,330.1
133,119562,-21.0,783,0.526538,17391,100000,0.002800,333.3
134,120423,-20.0,861,0.523129,17606,100000,0.002822,336.7
135,121234,-21.0,811,0.519917,17809,100000,0.004550,340.0
136,122146,-21.0,912,0.516306,18037,100000,0.003266,343.7
137,123080,-19.0,934,0.512607,18270,100000,0.003322,347.4
138,123962,-21.0,882,0.509114,18491,100000,0.003256,350.9
139,124863,-21.0,901,0.505546,18716,100000,0.003366,354.5
140,125956,-17.0,1093,0.501218,18989,100000,0.003657,359.0
141,126750,-21.0,794,0.498074,19188,100000,0.004129,362.2
142,127514,-21.0,764,0.495049,19379,100000,0.003093,365.2
143,128336,-21.0,822,0.491793,19584,100000,0.002876,368.5
144,129364,-18.0,1028,0.487723,19841,100000,0.003498,372.6
145,130128,-21.0,764,0.484697,20032,100000,0.004096,375.7
146,130952,-21.0,824,0.481434,20238,100000,0.007047,379.1
147,132125,-19.0,1173,0.476789,20532,100000,0.006692,383.8
148,133030,-20.0,905,0.473205,20758,100000,0.006059,387.4
149,133912,-21.0,882,0.469712,20978,100000,0.005527,391.0
150,134676,-21.0,764,0.466687,21169,100000,0.005203,394.1
151,135622,-21.0,946,0.462941,21406,100000,0.005103,397.9
152,136464,-20.0,842,0.459607,21616,100000,0.005457,401.1
153,137595,-20.0,1131,0.455128,21899,100000,0.004302,405.6
154,138421,-21.0,826,0.451857,22106,100000,0.004480,409.0
155,139245,-21.0,824,0.448594,22312,100000,0.004023,412.3
156,140131,-21.0,886,0.445085,22533,100000,0.003782,415.8
157,140973,-20.0,842,0.441751,22744,100000,0.003675,419.3
158,141906,-19.0,933,0.438056,22977,100000,0.003623,423.0
159,142732,-21.0,826,0.434785,23183,100000,0.003995,426.4
160,143604,-20.0,872,0.431332,23401,100000,0.003854,429.9
161,144368,-21.0,764,0.428307,23592,100000,0.004198,433.0
162,145299,-20.0,931,0.424620,23825,100000,0.003224,436.7
163,146119,-21.0,820,0.421373,24030,100000,0.003998,440.0
164,147047,-20.0,928,0.417698,24262,100000,0.003464,443.7
165,147978,-20.0,931,0.414011,24495,100000,0.003440,447.5
166,148802,-21.0,824,0.410748,24701,100000,0.004084,450.8
167,149566,-21.0,764,0.407723,24892,100000,0.003479,453.9
168,150409,-21.0,843,0.404384,25103,100000,0.003067,457.4
169,151251,-20.0,842,0.401050,25313,100000,0.003103,460.7
170,152103,-21.0,852,0.397676,25526,100000,0.003881,464.2
171,152945,-20.0,842,0.394342,25737,100000,0.003426,467.6
172,153897,-20.0,952,0.390572,25975,100000,0.002787,471.4
173,154721,-21.0,824,0.387309,26181,100000,0.003065,474.6
174,155541,-21.0,820,0.384062,26386,100000,0.003381,477.9
175,156384,-21.0,843,0.380723,26596,100000,0.002771,481.3
176,157148,-21.0,764,0.377698,26787,100000,0.004085,484.3
177,157940,-21.0,792,0.374562,26985,100000,0.002907,487.6
178,158764,-21.0,824,0.371299,27191,100000,0.003545,490.9
179,159616,-21.0,852,0.367925,27404,100000,0.003054,494.3
180,160440,-21.0,824,0.364662,27610,100000,0.003561,497.7
181,161234,-21.0,794,0.361517,27809,100000,0.003730,500.8
182,162150,-19.0,916,0.357890,28038,100000,0.002990,504.3
183,162988,-20.0,838,0.354571,28247,100000,0.003412,507.6
184,163877,-20.0,889,0.351051,28470,100000,0.002975,511.2
185,164851,-21.0,974,0.347194,28713,100000,0.003534,515.2
186,165833,-19.0,982,0.343305,28959,100000,0.003395,519.1
187,166842,-20.0,1009,0.339310,29211,100000,0.002920,523.2
188,167634,-21.0,792,0.336173,29409,100000,0.003377,526.4
189,168515,-20.0,881,0.332685,29629,100000,0.003352,530.0
190,169358,-21.0,843,0.329346,29840,100000,0.004057,533.4
191,170122,-21.0,764,0.326321,30031,100000,0.003874,536.5
192,170914,-21.0,792,0.323185,30229,100000,0.006682,539.7
193,171735,-21.0,821,0.319933,30434,100000,0.005439,543.0
194,172670,-19.0,935,0.316231,30668,100000,0.004929,546.8
195,173589,-20.0,919,0.312592,30898,100000,0.004978,550.5
196,174413,-21.0,824,0.309328,31104,100000,0.005065,553.8
197,175177,-21.0,764,0.306303,31295,100000,0.004787,556.9
198,176001,-21.0,824,0.303040,31501,100000,0.004763,560.2
199,176933,-21.0,932,0.299349,31734,100000,0.004982,563.8
200,177787,-21.0,854,0.295967,31947,100000,0.004924,567.1
201,178611,-21.0,824,0.292704,32153,100000,0.004935,570.4
202,179454,-21.0,843,0.289366,32364,100000,0.004421,573.8
203,180340,-21.0,886,0.285858,32585,100000,0.003437,577.3
204,181226,-21.0,886,0.282349,32807,100000,0.004106,580.6
205,182052,-21.0,826,0.279078,33013,100000,0.003796,583.9
206,182943,-20.0,891,0.275550,33236,100000,0.003404,587.5
207,183767,-21.0,824,0.272287,33442,100000,0.004200,590.7
208,184591,-21.0,824,0.269024,33648,100000,0.003859,594.0
209,185524,-21.0,933,0.265329,33881,100000,0.003917,597.6
210,186288,-21.0,764,0.262303,34072,100000,0.003913,600.6
211,187080,-21.0,792,0.259167,34270,100000,0.003972,603.7
212,187904,-21.0,824,0.255904,34476,100000,0.003633,606.9
213,188668,-21.0,764,0.252879,34667,100000,0.003389,609.8
214,189688,-20.0,1020,0.248839,34922,100000,0.004459,613.7
215,190452,-21.0,764,0.245814,35113,100000,0.003889,616.7
216,191264,-21.0,812,0.242599,35316,100000,0.003199,620.0
217,192056,-21.0,792,0.239462,35514,100000,0.003656,623.2
218,192880,-21.0,824,0.236199,35720,100000,0.003728,626.5
219,193644,-21.0,764,0.233174,35911,100000,0.003365,629.6
220,194584,-21.0,940,0.229451,36146,100000,0.003913,633.4
221,195468,-21.0,884,0.225951,36367,100000,0.004345,636.9
222,196572,-18.0,1104,0.221579,36643,100000,0.004511,641.4
223,197336,-21.0,764,0.218553,36834,100000,0.003720,644.5
224,198160,-21.0,824,0.215290,37040,100000,0.003943,647.8
225,198924,-21.0,764,0.212265,37231,100000,0.003366,650.9
226,199717,-21.0,793,0.209125,37430,100000,0.003833,654.0
227,200509,-21.0,792,0.205988,37628,100000,0.003526,657.1
228,201273,-21.0,764,0.202963,37819,100000,0.003694,660.0
229,202111,-20.0,838,0.199644,38028,100000,0.003767,663.4
230,203037,-20.0,926,0.195977,38260,100000,0.002929,667.1
231,203801,-21.0,764,0.192952,38451,100000,0.003435,670.2
232,204774,-21.0,973,0.189099,38694,100000,0.003102,674.1
233,205626,-21.0,852,0.185725,38907,100000,0.003604,677.6
234,206582,-20.0,956,0.181939,39146,100000,0.003355,681.5
235,207512,-20.0,930,0.178256,39378,100000,0.003220,685.0
236,208411,-20.0,899,0.174696,39603,100000,0.003246,688.5
237,209249,-20.0,838,0.171378,39813,100000,0.002868,691.6
238,210013,-21.0,764,0.168352,40004,100000,0.003135,694.5
239,210865,-21.0,852,0.164979,40217,100000,0.006259,697.8
240,211703,-20.0,838,0.161660,40426,100000,0.005605,701.0
241,212527,-21.0,824,0.158397,40632,100000,0.004866,704.4
242,213381,-21.0,854,0.155015,40846,100000,0.005563,707.9
243,214145,-21.0,764,0.151990,41037,100000,0.004458,711.0
244,214997,-21.0,852,0.148616,41250,100000,0.004589,714.5
245,215822,-21.0,825,0.145349,41456,100000,0.004895,717.8
246,216667,-21.0,845,0.142003,41667,100000,0.004607,721.2
247,217572,-21.0,905,0.138419,41893,100000,0.004296,724.9
248,218477,-21.0,905,0.134835,42120,100000,0.003919,728.5
249,219321,-20.0,844,0.131493,42331,100000,0.004257,731.7
250,220085,-21.0,764,0.128467,42522,100000,0.004233,734.7
251,220927,-20.0,842,0.125133,42732,100000,0.003501,738.2
252,221691,-21.0,764,0.122108,42923,100000,0.002995,741.3
253,222543,-21.0,852,0.118734,43136,100000,0.003629,744.7
254,223367,-21.0,824,0.115471,43342,100000,0.003327,748.1
255,224160,-21.0,793,0.112330,43540,100000,0.003450,751.3
256,224952,-21.0,792,0.109194,43738,100000,0.003935,754.5
257,225809,-20.0,857,0.105800,43953,100000,0.003941,757.9
258,226663,-21.0,854,0.102418,44166,100000,0.003429,761.4
259,227505,-20.0,842,0.099084,44377,100000,0.003413,764.7
260,228329,-21.0,824,0.095821,44583,100000,0.003217,767.9
261,229093,-21.0,764,0.092796,44774,100000,0.003427,771.0
262,229857,-21.0,764,0.089770,44965,100000,0.003621,774.1
263,230728,-20.0,871,0.086321,45182,100000,0.002929,777.6
264,231612,-21.0,884,0.082820,45403,100000,0.003026,781.2
265,232496,-21.0,884,0.079320,45624,100000,0.003373,784.7
266,233377,-21.0,881,0.075831,45845,100000,0.003510,788.3
267,234141,-21.0,764,0.072806,46036,100000,0.002547,791.4
268,234924,-21.0,783,0.069705,46231,100000,0.003399,794.6
269,235790,-20.0,866,0.066276,46448,100000,0.003128,798.1
270,236554,-21.0,764,0.063250,46639,100000,0.002639,801.3
271,237318,-21.0,764,0.060225,46830,100000,0.002533,804.4
272,238130,-21.0,812,0.057009,47033,100000,0.003751,807.7
273,238956,-21.0,826,0.053738,47239,100000,0.003191,811.0
274,239890,-19.0,934,0.050040,47473,100000,0.002424,814.8
275,240716,-21.0,826,0.046769,47679,100000,0.002650,818.2
276,241590,-20.0,874,0.043308,47898,100000,0.003857,821.7
277,242373,-21.0,783,0.040207,48094,100000,0.002042,824.9
278,243137,-21.0,764,0.037181,48285,100000,0.003161,828.0
279,244025,-20.0,888,0.033665,48507,100000,0.002547,831.6
280,244808,-21.0,783,0.030564,48702,100000,0.003024,834.6
281,245650,-20.0,842,0.027230,48913,100000,0.002950,838.0
282,246492,-20.0,842,0.023896,49123,100000,0.003210,841.2
283,247256,-21.0,764,0.020870,49314,100000,0.002729,844.2
284,248098,-20.0,842,0.017536,49525,100000,0.002505,847.5
285,248881,-21.0,783,0.014435,49721,100000,0.002584,850.6
286,249705,-21.0,824,0.011172,49927,100000,0.002507,853.7
287,250543,-20.0,838,0.010000,50136,100000,0.003159,857.0
288,251307,-21.0,764,0.010000,50327,100000,0.004202,860.0
289,252173,-20.0,866,0.010000,50544,100000,0.004147,863.4
290,252937,-21.0,764,0.010000,50735,100000,0.003549,866.3
291,253720,-21.0,783,0.010000,50930,100000,0.003485,869.4
292,254544,-21.0,824,0.010000,51136,100000,0.002572,872.6
293,255368,-21.0,824,0.010000,51342,100000,0.003075,875.8
294,256258,-20.0,890,0.010000,51565,100000,0.003154,879.3
295,257022,-21.0,764,0.010000,51756,100000,0.002647,882.2
296,257786,-21.0,764,0.010000,51947,100000,0.003222,885.2
297,258550,-21.0,764,0.010000,52138,100000,0.002970,888.2
298,259374,-21.0,824,0.010000,52344,100000,0.002574,891.4
299,260138,-21.0,764,0.010000,52535,100000,0.002991,894.4
300,261016,-20.0,878,0.010000,52754,100000,0.002622,897.8
301,261780,-21.0,764,0.010000,52945,100000,0.002912,900.9
302,262604,-21.0,824,0.010000,53151,100000,0.003037,904.2
303,263368,-21.0,764,0.010000,53342,100000,0.002526,907.3
304,264160,-21.0,792,0.010000,53540,100000,0.002992,910.5
305,264943,-21.0,783,0.010000,53736,100000,0.002655,913.8
306,265754,-21.0,811,0.010000,53939,100000,0.002804,917.1
307,266518,-21.0,764,0.010000,54130,100000,0.002581,920.2
308,267301,-21.0,783,0.010000,54326,100000,0.002224,923.3
309,268251,-21.0,950,0.010000,54563,100000,0.002544,927.2
310,269015,-21.0,764,0.010000,54754,100000,0.002031,930.3
311,269839,-21.0,824,0.010000,54960,100000,0.002844,933.7
312,270663,-21.0,824,0.010000,55166,100000,0.002820,937.0
313,271487,-21.0,824,0.010000,55372,100000,0.002315,940.4
314,272251,-21.0,764,0.010000,55563,100000,0.002318,943.5
315,273089,-20.0,838,0.010000,55773,100000,0.002879,947.0
316,274052,-20.0,963,0.010000,56013,100000,0.002361,950.9
317,274971,-20.0,919,0.010000,56243,100000,0.002666,954.6
318,275813,-20.0,842,0.010000,56454,100000,0.002520,958.1
319,276907,-21.0,1094,0.010000,56727,100000,0.002751,962.5
320,277761,-21.0,854,0.010000,56941,100000,0.002175,965.9
321,278585,-21.0,824,0.010000,57147,100000,0.002360,969.2
322,279497,-21.0,912,0.010000,57375,100000,0.002389,972.9
323,280383,-21.0,886,0.010000,57596,100000,0.002627,976.5
324,281207,-21.0,824,0.010000,57802,100000,0.002623,979.7
325,282230,-20.0,1023,0.010000,58058,100000,0.002322,983.8
326,283151,-20.0,921,0.010000,58288,100000,0.003571,987.5
327,283943,-21.0,792,0.010000,58486,100000,0.002553,990.7
328,284795,-21.0,852,0.010000,58699,100000,0.002290,994.2
329,285727,-20.0,932,0.010000,58932,100000,0.002254,998.0
330,286614,-21.0,887,0.010000,59154,100000,0.002424,1001.6
331,287378,-21.0,764,0.010000,59345,100000,0.002137,1004.7
332,288142,-21.0,764,0.010000,59536,100000,0.001913,1007.8
333,288906,-21.0,764,0.010000,59727,100000,0.002786,1010.9
334,289730,-21.0,824,0.010000,59933,100000,0.002657,1014.3
335,290554,-21.0,824,0.010000,60139,100000,0.003830,1017.9
336,291440,-21.0,886,0.010000,60360,100000,0.002340,1021.5
337,292204,-21.0,764,0.010000,60551,100000,0.003104,1024.5
338,292968,-21.0,764,0.010000,60742,100000,0.002560,1027.5
339,293792,-21.0,824,0.010000,60948,100000,0.002506,1030.7
340,294584,-21.0,792,0.010000,61146,100000,0.002524,1033.7
341,295391,-21.0,807,0.010000,61348,100000,0.002935,1037.0
342,296233,-20.0,842,0.010000,61559,100000,0.003348,1040.3
343,296997,-21.0,764,0.010000,61750,100000,0.002327,1043.2
344,297883,-21.0,886,0.010000,61971,100000,0.002100,1046.6
345,298647,-21.0,764,0.010000,62162,100000,0.002639,1049.6
346,299411,-21.0,764,0.010000,62353,100000,0.002762,1052.7
347,300175,-21.0,764,0.010000,62544,100000,0.001891,1055.7
348,301057,-21.0,882,0.010000,62765,100000,0.002722,1059.3
349,301850,-21.0,793,0.010000,62963,100000,0.002256,1062.3
350,302692,-20.0,842,0.010000,63173,100000,0.002319,1065.7
351,303512,-21.0,820,0.010000,63378,100000,0.002563,1069.1
352,304414,-20.0,902,0.010000,63604,100000,0.002060,1072.6
353,305256,-21.0,842,0.010000,63814,100000,0.002775,1076.0
354,306020,-21.0,764,0.010000,64005,100000,0.002767,1079.0
355,306784,-21.0,764,0.010000,64196,100000,0.002468,1081.9
356,307548,-21.0,764,0.010000,64387,100000,0.002248,1085.0
357,308312,-21.0,764,0.010000,64578,100000,0.002312,1088.0
358,309136,-21.0,824,0.010000,64784,100000,0.002582,1091.4
359,309928,-21.0,792,0.010000,64982,100000,0.001689,1094.5
360,310752,-21.0,824,0.010000,65188,100000,0.002121,1098.0
361,311516,-21.0,764,0.010000,65379,100000,0.001868,1101.2
362,312299,-21.0,783,0.010000,65575,100000,0.002204,1104.4
363,313063,-21.0,764,0.010000,65766,100000,0.001943,1107.5
364,313827,-21.0,764,0.010000,65957,100000,0.002056,1110.8
365,314652,-21.0,825,0.010000,66163,100000,0.002048,1114.1
366,315476,-21.0,824,0.010000,66369,100000,0.002608,1117.6
367,316360,-21.0,884,0.010000,66590,100000,0.001703,1121.3
368,317212,-21.0,852,0.010000,66803,100000,0.001598,1125.0
369,317976,-21.0,764,0.010000,66994,100000,0.001653,1128.0
370,318860,-21.0,884,0.010000,67215,100000,0.002076,1131.6
371,319763,-21.0,903,0.010000,67441,100000,0.001775,1135.2
372,320635,-21.0,872,0.010000,67659,100000,0.002232,1138.8
373,321399,-21.0,764,0.010000,67850,100000,0.001871,1141.9
374,322283,-21.0,884,0.010000,68071,100000,0.001483,1145.5
375,323227,-21.0,944,0.010000,68307,100000,0.002229,1149.4
376,324051,-21.0,824,0.010000,68513,100000,0.001895,1152.7
377,324815,-21.0,764,0.010000,68704,100000,0.002222,1155.9
378,325915,-21.0,1100,0.010000,68979,100000,0.001564,1160.5
379,326769,-21.0,854,0.010000,69193,100000,0.001483,1163.9
380,327533,-21.0,764,0.010000,69384,100000,0.001610,1167.0
381,328297,-21.0,764,0.010000,69575,100000,0.002513,1170.0
382,329195,-20.0,898,0.010000,69799,100000,0.002132,1173.6
383,330019,-21.0,824,0.010000,70005,100000,0.001534,1177.0
384,330783,-21.0,764,0.010000,70196,100000,0.002972,1180.1
385,331697,-21.0,914,0.010000,70425,100000,0.002043,1184.0
386,332641,-21.0,944,0.010000,70661,100000,0.001753,1187.8
387,333527,-21.0,886,0.010000,70882,100000,0.002171,1191.5
388,334572,-20.0,1045,0.010000,71143,100000,0.002416,1195.9
389,335364,-21.0,792,0.010000,71341,100000,0.002044,1199.2
390,336216,-21.0,852,0.010000,71554,100000,0.002038,1202.8
391,337270,-20.0,1054,0.010000,71818,100000,0.001854,1207.0
392,338034,-21.0,764,0.010000,72009,100000,0.002386,1210.2
393,338938,-21.0,904,0.010000,72235,100000,0.002214,1213.9
394,339702,-21.0,764,0.010000,72426,100000,0.001962,1216.9
395,340466,-21.0,764,0.010000,72617,100000,0.002106,1220.1
396,341230,-21.0,764,0.010000,72808,100000,0.002585,1223.3
397,342054,-21.0,824,0.010000,73014,100000,0.001625,1226.6
398,342878,-21.0,824,0.010000,73220,100000,0.001616,1230.0
399,343788,-21.0,910,0.010000,73447,100000,0.001917,1233.8
400,344552,-21.0,764,0.010000,73638,100000,0.002150,1236.9
401,345316,-21.0,764,0.010000,73829,100000,0.001526,1240.2
402,346158,-20.0,842,0.010000,74040,100000,0.001754,1243.7
403,346982,-21.0,824,0.010000,74246,100000,0.001813,1247.1
404,347895,-21.0,913,0.010000,74474,100000,0.001573,1250.9
405,348841,-21.0,946,0.010000,74711,100000,0.001599,1254.8
406,349818,-21.0,977,0.010000,74955,100000,0.001935,1258.8
407,350717,-20.0,899,0.010000,75180,100000,0.001903,1262.5
408,351603,-21.0,886,0.010000,75401,100000,0.001753,1266.0
409,352367,-21.0,764,0.010000,75592,100000,0.001608,1269.1
410,353131,-21.0,764,0.010000,75783,100000,0.001805,1272.2
411,353923,-21.0,792,0.010000,75981,100000,0.001399,1275.5
412,354706,-21.0,783,0.010000,76177,100000,0.001525,1278.6
413,355470,-21.0,764,0.010000,76368,100000,0.001496,1281.8
414,356350,-21.0,880,0.010000,76588,100000,0.001529,1285.4
415,357193,-21.0,843,0.010000,76799,100000,0.002338,1288.8
416,358087,-20.0,894,0.010000,77022,100000,0.001532,1292.4
417,358870,-21.0,783,0.010000,77218,100000,0.001771,1295.6
418,359722,-21.0,852,0.010000,77431,100000,0.001951,1299.0
419,360690,-20.0,968,0.010000,77673,100000,0.001432,1303.0
420,361482,-21.0,792,0.010000,77871,100000,0.002310,1306.1
421,362246,-21.0,764,0.010000,78062,100000,0.002232,1309.1
422,363057,-21.0,811,0.010000,78265,100000,0.001743,1312.3
423,363923,-20.0,866,0.010000,78481,100000,0.001558,1315.7
424,364766,-21.0,843,0.010000,78692,100000,0.001573,1318.9
425,365678,-20.0,912,0.010000,78920,100000,0.001823,1322.7
426,366470,-21.0,792,0.010000,79118,100000,0.002192,1325.9
427,367347,-20.0,877,0.010000,79337,100000,0.001675,1329.5
428,368185,-20.0,838,0.010000,79547,100000,0.001475,1332.8
429,369182,-20.0,997,0.010000,79796,100000,0.001781,1336.8
430,369946,-21.0,764,0.010000,79987,100000,0.001805,1339.9
431,370848,-21.0,902,0.010000,80212,100000,0.002851,1343.7
432,371641,-21.0,793,0.010000,80411,100000,0.002073,1346.9
433,372483,-20.0,842,0.010000,80621,100000,0.002424,1350.3
434,373247,-21.0,764,0.010000,80812,100000,0.001908,1353.4
435,374131,-21.0,884,0.010000,81033,100000,0.002274,1356.9
436,374955,-21.0,824,0.010000,81239,100000,0.001872,1360.3
437,375719,-21.0,764,0.010000,81430,100000,0.002158,1363.5
438,376585,-20.0,866,0.010000,81647,100000,0.001887,1367.0
439,377599,-20.0,1014,0.010000,81900,100000,0.001572,1371.1
440,378391,-21.0,792,0.010000,82098,100000,0.002208,1374.3
441,379155,-21.0,764,0.010000,82289,100000,0.001929,1377.4
442,380025,-20.0,870,0.010000,82507,100000,0.001864,1381.1
443,380919,-20.0,894,0.010000,82730,100000,0.001508,1384.7
444,381925,-21.0,1006,0.010000,82982,100000,0.001596,1388.7
445,382797,-21.0,872,0.010000,83200,100000,0.001849,1392.3
446,383697,-20.0,900,0.010000,83425,100000,0.001678,1395.9
447,384489,-21.0,792,0.010000,83623,100000,0.001585,1399.1
448,385281,-21.0,792,0.010000,83821,100000,0.001570,1402.2
449,386225,-19.0,944,0.010000,84057,100000,0.002057,1406.1
450,387049,-21.0,824,0.010000,84263,100000,0.001729,1409.3
451,387841,-21.0,792,0.010000,84461,100000,0.001230,1412.5
452,388743,-20.0,902,0.010000,84686,100000,0.001358,1416.1
453,389535,-21.0,792,0.010000,84884,100000,0.001841,1419.3
454,390299,-21.0,764,0.010000,85075,100000,0.001718,1422.3
455,391141,-20.0,842,0.010000,85286,100000,0.001544,1425.7
456,391924,-21.0,783,0.010000,85481,100000,0.001492,1428.9
457,392748,-21.0,824,0.010000,85687,100000,0.001430,1432.3
458,393600,-21.0,852,0.010000,85900,100000,0.001511,1435.7
459,394424,-21.0,824,0.010000,86106,100000,0.001381,1439.1
460,395216,-21.0,792,0.010000,86304,100000,0.001707,1442.2
461,396069,-21.0,853,0.010000,86518,100000,0.001707,1445.6
462,396833,-21.0,764,0.010000,86709,100000,0.001250,1448.7
463,397671,-20.0,838,0.010000,86918,100000,0.001762,1452.0
464,398435,-21.0,764,0.010000,87109,100000,0.001086,1455.1
465,399227,-21.0,792,0.010000,87307,100000,0.001542,1458.2
466,400019,-21.0,792,0.010000,87505,100000,0.001688,1461.5
467,400783,-21.0,764,0.010000,87696,100000,0.001145,1464.6
468,401547,-21.0,764,0.010000,87887,100000,0.001557,1467.6
469,402311,-21.0,764,0.010000,88078,100000,0.001827,1470.8
470,403094,-21.0,783,0.010000,88274,100000,0.001547,1473.8
471,403991,-20.0,897,0.010000,88498,100000,0.001668,1477.3
472,404755,-21.0,764,0.010000,88689,100000,0.001536,1480.3
473,405519,-21.0,764,0.010000,88880,100000,0.001926,1483.3
474,406371,-21.0,852,0.010000,89093,100000,0.001369,1486.8
475,407135,-21.0,764,0.010000,89284,100000,0.001383,1489.9
476,407973,-20.0,838,0.010000,89494,100000,0.001592,1493.3
477,408737,-21.0,764,0.010000,89685,100000,0.001496,1496.4
478,409589,-21.0,852,0.010000,89898,100000,0.001497,1499.9
479,410372,-21.0,783,0.010000,90093,100000,0.002218,1503.0
480,411298,-20.0,926,0.010000,90325,100000,0.002252,1506.8
481,412062,-21.0,764,0.010000,90516,100000,0.001583,1509.9
482,413068,-19.0,1006,0.010000,90767,100000,0.001651,1513.9
483,413934,-20.0,866,0.010000,90984,100000,0.001560,1517.3
484,414744,-21.0,810,0.010000,91186,100000,0.001857,1520.5
485,415596,-21.0,852,0.010000,91399,100000,0.001810,1523.8
486,416462,-20.0,866,0.010000,91616,100000,0.001351,1527.3
487,417226,-21.0,764,0.010000,91807,100000,0.001406,1530.4
488,418124,-20.0,898,0.010000,92031,100000,0.001793,1533.9
489,418944,-21.0,820,0.010000,92236,100000,0.001502,1537.2
490,419830,-21.0,886,0.010000,92458,100000,0.001659,1540.9
491,420806,-19.0,976,0.010000,92702,100000,0.001416,1544.9
492,421705,-20.0,899,0.010000,92927,100000,0.001538,1548.5
493,422648,-21.0,943,0.010000,93162,100000,0.001729,1552.4
494,423440,-21.0,792,0.010000,93360,100000,0.001480,1555.7
495,424277,-20.0,837,0.010000,93570,100000,0.001488,1559.1
496,425205,-21.0,928,0.010000,93802,100000,0.001213,1562.8
497,426163,-20.0,958,0.010000,94041,100000,0.001401,1566.7
498,426927,-21.0,764,0.010000,94232,100000,0.001504,1569.8
499,427770,-21.0,843,0.010000,94443,100000,0.001733,1573.2
500,428608,-20.0,838,0.010000,94652,100000,0.001542,1576.5
501,429506,-20.0,898,0.010000,94877,100000,0.001575,1579.9
502,430450,-20.0,944,0.010000,95113,100000,0.001557,1583.5
503,431288,-20.0,838,0.010000,95322,100000,0.001280,1586.9
504,432080,-21.0,792,0.010000,95520,100000,0.001316,1590.1
505,432872,-21.0,792,0.010000,95718,100000,0.001764,1593.3
506,433798,-20.0,926,0.010000,95950,100000,0.001482,1597.1
507,434710,-21.0,912,0.010000,96178,100000,0.001190,1600.8
508,435564,-21.0,854,0.010000,96391,100000,0.001304,1604.3
509,436516,-20.0,952,0.010000,96629,100000,0.001510,1608.0
510,437498,-20.0,982,0.010000,96875,100000,0.001222,1611.9
511,438336,-20.0,838,0.010000,97084,100000,0.001124,1615.1
512,439128,-21.0,792,0.010000,97282,100000,0.001395,1618.2
513,440098,-21.0,970,0.010000,97525,100000,0.001513,1622.1
514,440881,-21.0,783,0.010000,97721,100000,0.001535,1625.2
515,441914,-20.0,1033,0.010000,97979,100000,0.001218,1629.4
516,442983,-21.0,1069,0.010000,98246,100000,0.001569,1633.7
517,443821,-20.0,838,0.010000,98456,100000,0.001258,1637.1
518,444603,-21.0,782,0.010000,98651,100000,0.001242,1640.3
519,445693,-18.0,1090,0.010000,98924,100000,0.001454,1644.7
520,446592,-20.0,899,0.010000,99148,100000,0.001364,1648.4
521,447564,-19.0,972,0.010000,99391,100000,0.001293,1652.4
522,448463,-20.0,899,0.010000,99616,100000,0.001280,1656.0
523,449361,-20.0,898,0.010000,99841,100000,0.001496,1659.5
524,450144,-21.0,783,0.010000,100036,100000,0.001806,1662.6
525,450982,-20.0,838,0.010000,100246,100000,0.002358,1665.9
526,451820,-20.0,838,0.010000,100455,100000,0.001677,1669.2
527,452838,-20.0,1018,0.010000,100710,100000,0.001899,1673.2
528,453856,-20.0,1018,0.010000,100964,100000,0.001803,1677.3
529,454648,-21.0,792,0.010000,101162,100000,0.001398,1680.5
530,455486,-20.0,838,0.010000,101372,100000,0.001424,1684.1
531,456418,-21.0,932,0.010000,101605,100000,0.001550,1688.0
532,457302,-21.0,884,0.010000,101826,100000,0.001766,1691.6
533,458202,-20.0,900,0.010000,102051,100000,0.001584,1695.3
534,459045,-20.0,843,0.010000,102262,100000,0.001314,1698.7
535,460017,-20.0,972,0.010000,102505,100000,0.001535,1702.7
536,460939,-20.0,922,0.010000,102735,100000,0.001399,1706.6
537,461859,-20.0,920,0.010000,102965,100000,0.001506,1710.3
538,462907,-20.0,1048,0.010000,103227,100000,0.001441,1714.4
539,463699,-21.0,792,0.010000,103425,100000,0.001177,1717.5
540,464555,-20.0,856,0.010000,103639,100000,0.001448,1720.8
541,465476,-20.0,921,0.010000,103869,100000,0.001282,1724.4
542,466453,-20.0,977,0.010000,104114,100000,0.001244,1728.2
543,467285,-21.0,832,0.010000,104322,100000,0.001229,1731.4
544,468290,-20.0,1005,0.010000,104573,100000,0.001745,1735.3
545,469175,-20.0,885,0.010000,104794,100000,0.001117,1738.7
546,470180,-19.0,1005,0.010000,105045,100000,0.001521,1742.7
547,471046,-20.0,866,0.010000,105262,100000,0.001087,1746.2
548,472102,-19.0,1056,0.010000,105526,100000,0.001313,1750.5
549,472939,-20.0,837,0.010000,105735,100000,0.001692,1753.8
550,473777,-20.0,838,0.010000,105945,100000,0.001432,1757.0
551,474726,-19.0,949,0.010000,106182,100000,0.001479,1760.7
552,475591,-20.0,865,0.010000,106398,100000,0.001133,1764.2
553,476495,-20.0,904,0.010000,106624,100000,0.001022,1767.9
554,477361,-20.0,866,0.010000,106841,100000,0.001327,1771.4
555,478185,-21.0,824,0.010000,107047,100000,0.001335,1774.7
556,478968,-21.0,783,0.010000,107242,100000,0.001036,1777.9
557,479950,-20.0,982,0.010000,107488,100000,0.001084,1781.9
558,481106,-17.0,1156,0.010000,107777,100000,0.001235,1786.6
559,482004,-20.0,898,0.010000,108001,100000,0.001158,1790.3
560,482929,-20.0,925,0.010000,108233,100000,0.001058,1794.0
561,483768,-21.0,839,0.010000,108442,100000,0.001035,1797.4
562,484758,-21.0,990,0.010000,108690,100000,0.001094,1801.4
563,485597,-21.0,839,0.010000,108900,100000,0.001208,1804.8
564,486435,-20.0,838,0.010000,109109,100000,0.001288,1808.1
565,487469,-20.0,1034,0.010000,109368,100000,0.001003,1812.3
566,488335,-20.0,866,0.010000,109584,100000,0.001232,1815.8
567,489172,-20.0,837,0.010000,109793,100000,0.000861,1819.1
568,490289,-19.0,1117,0.010000,110073,100000,0.001732,1823.5
569,491235,-21.0,946,0.010000,110309,100000,0.002136,1827.4
570,492134,-20.0,899,0.010000,110534,100000,0.001790,1831.1
571,492954,-21.0,820,0.010000,110739,100000,0.001667,1834.5
572,493931,-20.0,977,0.010000,110983,100000,0.001747,1838.5
573,494723,-21.0,792,0.010000,111181,100000,0.001649,1841.9
574,495487,-21.0,764,0.010000,111372,100000,0.001637,1844.9
575,496655,-18.0,1168,0.010000,111664,100000,0.001477,1849.7
576,497492,-20.0,837,0.010000,111873,100000,0.001633,1853.2
577,498329,-20.0,837,0.010000,112083,100000,0.001276,1856.6
578,499273,-21.0,944,0.010000,112319,100000,0.001515,1860.5
579,500188,-20.0,915,0.010000,112547,100000,0.001545,1864.5
580,500980,-21.0,792,0.010000,112745,100000,0.001468,1867.9
581,501856,-21.0,876,0.010000,112964,100000,0.001506,1871.6
582,502676,-21.0,820,0.010000,113169,100000,0.001472,1875.0
583,503552,-21.0,876,0.010000,113388,100000,0.001520,1878.6
584,504417,-20.0,865,0.010000,113605,100000,0.001523,1882.1
585,505228,-21.0,811,0.010000,113807,100000,0.001077,1885.4
586,506035,-21.0,807,0.010000,114009,100000,0.001113,1888.7
587,507036,-19.0,1001,0.010000,114259,100000,0.001287,1892.7
588,507828,-21.0,792,0.010000,114457,100000,0.001647,1896.0
589,508776,-19.0,948,0.010000,114694,100000,0.001241,1899.9
590,509736,-21.0,960,0.010000,114934,100000,0.001317,1903.8
591,510528,-21.0,792,0.010000,115132,100000,0.001388,1907.0
592,511376,-21.0,848,0.010000,115344,100000,0.001221,1910.5
593,512188,-21.0,812,0.010000,115547,100000,0.001449,1913.8
594,513053,-20.0,865,0.010000,115764,100000,0.001284,1917.3
595,514090,-20.0,1037,0.010000,116023,100000,0.001378,1921.5
596,514854,-21.0,764,0.010000,116214,100000,0.001151,1924.6
597,515646,-21.0,792,0.010000,116412,100000,0.001402,1927.8
598,516438,-21.0,792,0.010000,116610,100000,0.001328,1930.8
599,517275,-20.0,837,0.010000,116819,100000,0.001542,1934.1
600,518163,-20.0,888,0.010000,117041,100000,0.001058,1937.7
601,519067,-21.0,904,0.010000,117267,100000,0.001206,1941.4
602,519859,-21.0,792,0.010000,117465,100000,0.001004,1944.5
603,520752,-20.0,893,0.010000,117688,100000,0.001260,1948.0
604,521544,-21.0,792,0.010000,117886,100000,0.000967,1951.0
605,522336,-21.0,792,0.010000,118084,100000,0.000995,1954.2
606,523173,-20.0,837,0.010000,118294,100000,0.000964,1957.6
607,523956,-21.0,783,0.010000,118489,100000,0.000860,1960.8
608,524739,-21.0,783,0.010000,118685,100000,0.001367,1963.9
609,525576,-20.0,837,0.010000,118894,100000,0.000955,1967.1
610,526414,-20.0,838,0.010000,119104,100000,0.000946,1970.5
611,527349,-20.0,935,0.010000,119338,100000,0.001026,1974.3
612,528186,-20.0,837,0.010000,119547,100000,0.001223,1977.8
613,529023,-20.0,837,0.010000,119756,100000,0.001320,1981.2
614,529860,-20.0,837,0.010000,119965,100000,0.001123,1984.6
615,530662,-21.0,802,0.010000,120166,100000,0.002745,1987.8
616,531514,-21.0,852,0.010000,120379,100000,0.001774,1991.3
617,532278,-21.0,764,0.010000,120570,100000,0.002253,1994.4
618,533042,-21.0,764,0.010000,120761,100000,0.001906,1997.4
619,533932,-20.0,890,0.010000,120983,100000,0.001586,2001.1
620,534910,-21.0,978,0.010000,121228,100000,0.001440,2004.9
621,535820,-20.0,910,0.010000,121455,100000,0.001426,2008.6
622,536603,-21.0,783,0.010000,121651,100000,0.001356,2011.8
623,537563,-19.0,960,0.010000,121891,100000,0.001281,2015.7
624,538458,-20.0,895,0.010000,122115,100000,0.001343,2019.3
625,539435,-19.0,977,0.010000,122359,100000,0.001128,2023.3
626,540272,-20.0,837,0.010000,122568,100000,0.001493,2026.7
627,541128,-20.0,856,0.010000,122782,100000,0.001317,2030.2
628,542132,-20.0,1004,0.010000,123033,100000,0.001381,2034.3
629,543062,-20.0,930,0.010000,123266,100000,0.001275,2038.1
630,543951,-20.0,889,0.010000,123488,100000,0.001362,2041.7
631,544743,-21.0,792,0.010000,123686,100000,0.000989,2044.8
632,545586,-21.0,843,0.010000,123897,100000,0.001241,2048.2
633,546507,-20.0,921,0.010000,124127,100000,0.001501,2052.0
634,547433,-20.0,926,0.010000,124359,100000,0.001555,2055.7
635,548216,-21.0,783,0.010000,124554,100000,0.001080,2058.9
636,549119,-21.0,903,0.010000,124780,100000,0.001141,2062.6
637,549943,-21.0,824,0.010000,124986,100000,0.001103,2066.0
638,550780,-20.0,837,0.010000,125195,100000,0.001189,2069.4
639,551563,-21.0,783,0.010000,125391,100000,0.001150,2072.6
640,552400,-20.0,837,0.010000,125600,100000,0.001224,2076.1
641,553226,-21.0,826,0.010000,125807,100000,0.001130,2079.4
642,554113,-21.0,887,0.010000,126029,100000,0.001241,2083.1
643,554939,-21.0,826,0.010000,126235,100000,0.001079,2086.4
644,555824,-21.0,885,0.010000,126456,100000,0.000991,2090.0
645,556740,-21.0,916,0.010000,126685,100000,0.000929,2093.7
646,557716,-20.0,976,0.010000,126929,100000,0.000990,2097.7
647,558587,-20.0,871,0.010000,127147,100000,0.000917,2101.3
648,559399,-21.0,812,0.010000,127350,100000,0.001253,2104.5
649,560369,-19.0,970,0.010000,127593,100000,0.000960,2108.5
650,561206,-20.0,837,0.010000,127802,100000,0.000977,2111.9
651,562229,-20.0,1023,0.010000,128058,100000,0.001079,2116.1
652,563053,-21.0,824,0.010000,128264,100000,0.000883,2119.2
653,563950,-20.0,897,0.010000,128488,100000,0.001003,2122.7
654,564866,-20.0,916,0.010000,128717,100000,0.000895,2126.5
655,565888,-20.0,1022,0.010000,128972,100000,0.001087,2130.7
656,566680,-21.0,792,0.010000,129170,100000,0.001181,2133.8
657,567707,-19.0,1027,0.010000,129427,100000,0.000953,2137.8
658,568740,-20.0,1033,0.010000,129685,100000,0.001012,2141.8
659,569685,-20.0,945,0.010000,129922,100000,0.000756,2145.7
660,570551,-20.0,866,0.010000,130138,100000,0.002372,2149.2
661,571388,-20.0,837,0.010000,130347,100000,0.001954,2152.6
662,572214,-21.0,826,0.010000,130554,100000,0.001642,2155.9
663,573051,-20.0,837,0.010000,130763,100000,0.001492,2159.3
664,573888,-20.0,837,0.010000,130972,100000,0.001316,2162.6
665,574725,-20.0,837,0.010000,131182,100000,0.001374,2165.8
666,575684,-20.0,959,0.010000,131421,100000,0.001504,2169.5
667,576549,-20.0,865,0.010000,131638,100000,0.001117,2173.0
668,577375,-21.0,826,0.010000,131844,100000,0.001274,2176.4
669,578158,-21.0,783,0.010000,132040,100000,0.001351,2179.6
670,579137,-21.0,979,0.010000,132285,100000,0.001187,2183.6
671,580062,-20.0,925,0.010000,132516,100000,0.001238,2187.3
672,580899,-20.0,837,0.010000,132725,100000,0.001213,2190.7
673,581725,-21.0,826,0.010000,132932,100000,0.001103,2194.0
674,582517,-21.0,792,0.010000,133130,100000,0.001351,2197.3
675,583328,-21.0,811,0.010000,133332,100000,0.001100,2200.6
676,584165,-20.0,837,0.010000,133542,100000,0.001254,2203.9
677,585002,-20.0,837,0.010000,133751,100000,0.001015,2207.3
678,585868,-20.0,866,0.010000,133967,100000,0.000993,2210.8
679,586705,-20.0,837,0.010000,134177,100000,0.000976,2214.2
680,587488,-21.0,783,0.010000,134372,100000,0.001210,2217.3
681,588617,-20.0,1129,0.010000,134655,100000,0.000859,2221.9
682,589570,-20.0,953,0.010000,134893,100000,0.001202,2225.8
683,590480,-21.0,910,0.010000,135120,100000,0.000831,2229.5
684,591263,-21.0,783,0.010000,135316,100000,0.001017,2232.7
685,592160,-20.0,897,0.010000,135540,100000,0.001108,2236.3
686,592998,-20.0,838,0.010000,135750,100000,0.000876,2239.7
687,593810,-21.0,812,0.010000,135953,100000,0.001018,2243.0
688,594593,-21.0,783,0.010000,136149,100000,0.000826,2246.2
689,595417,-21.0,824,0.010000,136355,100000,0.000739,2249.6
690,596254,-20.0,837,0.010000,136564,100000,0.000765,2253.0
691,597078,-21.0,824,0.010000,136770,100000,0.001073,2256.4
692,597945,-20.0,867,0.010000,136987,100000,0.000987,2259.9
693,598888,-21.0,943,0.010000,137222,100000,0.000765,2263.7
694,599731,-20.0,843,0.010000,137433,100000,0.001083,2267.1
695,600514,-21.0,783,0.010000,137629,100000,0.000876,2270.3
696,601338,-21.0,824,0.010000,137835,100000,0.000920,2273.6
697,602132,-21.0,794,0.010000,138033,100000,0.000928,2276.8
698,602924,-21.0,792,0.010000,138231,100000,0.000786,2280.0
699,603707,-21.0,783,0.010000,138427,100000,0.000809,2283.2
700,604610,-20.0,903,0.010000,138653,100000,0.000858,2286.9
701,605393,-21.0,783,0.010000,138849,100000,0.000593,2290.1
702,606230,-20.0,837,0.010000,139058,100000,0.000644,2293.5
703,607168,-19.0,938,0.010000,139292,100000,0.000850,2297.3
704,608006,-20.0,838,0.010000,139502,100000,0.000718,2300.8
705,608843,-20.0,837,0.010000,139711,100000,0.000844,2304.1
706,609680,-20.0,837,0.010000,139920,100000,0.000594,2307.6
707,610517,-20.0,837,0.010000,140130,100000,0.001650,2310.9
708,611728,-17.0,1211,0.010000,140432,100000,0.001368,2315.9
709,612626,-20.0,898,0.010000,140657,100000,0.001161,2319.5
710,613464,-20.0,838,0.010000,140866,100000,0.001011,2322.9
711,614330,-20.0,866,0.010000,141083,100000,0.001074,2326.4
712,615168,-20.0,838,0.010000,141292,100000,0.001100,2329.8
713,616033,-20.0,865,0.010000,141509,100000,0.000947,2333.4
714,616870,-20.0,837,0.010000,141718,100000,0.000991,2336.8
715,617707,-20.0,837,0.010000,141927,100000,0.000891,2340.2
716,618545,-20.0,838,0.010000,142137,100000,0.000731,2343.6
717,619411,-20.0,866,0.010000,142353,100000,0.000867,2347.1
718,620249,-20.0,838,0.010000,142563,100000,0.001041,2350.6
719,621087,-20.0,838,0.010000,142772,100000,0.000889,2353.9
720,621925,-20.0,838,0.010000,142982,100000,0.000751,2357.3
721,622763,-20.0,838,0.010000,143191,100000,0.000783,2360.7
722,623602,-21.0,839,0.010000,143401,100000,0.000712,2364.2
723,624564,-19.0,962,0.010000,143641,100000,0.000927,2368.3
724,625402,-20.0,838,0.010000,143851,100000,0.000779,2371.9
725,626240,-20.0,838,0.010000,144060,100000,0.001027,2375.4
726,627023,-21.0,783,0.010000,144256,100000,0.000997,2378.7
727,627806,-21.0,783,0.010000,144452,100000,0.000905,2382.0
728,628672,-20.0,866,0.010000,144668,100000,0.000622,2385.3
729,629538,-20.0,866,0.010000,144885,100000,0.001036,2388.9
730,630404,-20.0,866,0.010000,145101,100000,0.000973,2392.4
731,631242,-20.0,838,0.010000,145311,100000,0.000792,2395.8
732,632220,-20.0,978,0.010000,145555,100000,0.000683,2399.7
733,633040,-21.0,820,0.010000,145760,100000,0.000760,2403.1
734,633864,-21.0,824,0.010000,145966,100000,0.000621,2406.4
735,635020,-21.0,1156,0.010000,146255,100000,0.000782,2411.0
736,635914,-20.0,894,0.010000,146479,100000,0.000757,2414.7
737,636809,-21.0,895,0.010000,146703,100000,0.000695,2418.3
738,637759,-20.0,950,0.010000,146940,100000,0.000632,2422.2
739,638597,-20.0,838,0.010000,147150,100000,0.000648,2425.6
740,639631,-20.0,1034,0.010000,147408,100000,0.000599,2429.8
741,640787,-20.0,1156,0.010000,147697,100000,0.000707,2434.4
742,641653,-20.0,866,0.010000,147914,100000,0.000537,2437.9
743,642519,-20.0,866,0.010000,148130,100000,0.000759,2441.5
744,643357,-20.0,838,0.010000,148340,100000,0.000707,2444.9
745,644363,-20.0,1006,0.010000,148591,100000,0.000648,2449.0
746,645201,-20.0,838,0.010000,148801,100000,0.000559,2452.3
747,646039,-20.0,838,0.010000,149010,100000,0.000469,2455.7
748,646933,-20.0,894,0.010000,149234,100000,0.000478,2459.2
749,647855,-20.0,922,0.010000,149464,100000,0.000624,2463.0
750,648693,-20.0,838,0.010000,149674,100000,0.000516,2466.3
751,649531,-20.0,838,0.010000,149883,100000,0.000440,2469.7
752,650425,-20.0,894,0.010000,150107,100000,0.001390,2473.1
753,651263,-20.0,838,0.010000,150316,100000,0.001549,2476.4
754,652157,-20.0,894,0.010000,150540,100000,0.000964,2480.0
755,653093,-21.0,936,0.010000,150774,100000,0.000908,2483.9
756,653917,-21.0,824,0.010000,150980,100000,0.000863,2487.2
757,654848,-21.0,931,0.010000,151212,100000,0.000816,2491.0
758,655728,-21.0,880,0.010000,151432,100000,0.000682,2494.7
759,656623,-21.0,895,0.010000,151656,100000,0.000759,2498.5
760,657447,-21.0,824,0.010000,151862,100000,0.000709,2502.0
761,658379,-21.0,932,0.010000,152095,100000,0.000554,2505.8
762,659582,-21.0,1203,0.010000,152396,100000,0.000500,2510.7
763,660365,-21.0,783,0.010000,152592,100000,0.000645,2513.9
764,661235,-20.0,870,0.010000,152809,100000,0.000595,2517.3
765,662074,-21.0,839,0.010000,153019,100000,0.000502,2520.6
766,662857,-21.0,783,0.010000,153215,100000,0.000527,2523.7
767,663863,-20.0,1006,0.010000,153466,100000,0.000699,2527.8
768,664701,-20.0,838,0.010000,153676,100000,0.000478,2531.3
769,665465,-21.0,764,0.010000,153867,100000,0.000581,2534.4
770,666303,-20.0,838,0.010000,154076,100000,0.000390,2537.7
771,667254,-21.0,951,0.010000,154314,100000,0.000452,2541.4
772,668078,-21.0,824,0.010000,154520,100000,0.000456,2544.6
773,668902,-21.0,824,0.010000,154726,100000,0.000368,2547.6
774,669713,-21.0,811,0.010000,154929,100000,0.000402,2550.7
775,670623,-21.0,910,0.010000,155156,100000,0.000469,2554.4
776,671462,-21.0,839,0.010000,155366,100000,0.000382,2557.8
777,672300,-20.0,838,0.010000,155575,100000,0.000346,2561.2
778,673124,-21.0,824,0.010000,155781,100000,0.000400,2564.6
779,673935,-21.0,811,0.010000,155984,100000,0.000446,2567.8
780,674759,-21.0,824,0.010000,156190,100000,0.000341,2571.2
781,675597,-20.0,838,0.010000,156400,100000,0.000385,2574.6
782,676421,-21.0,824,0.010000,156606,100000,0.000337,2577.9
783,677204,-21.0,783,0.010000,156801,100000,0.000455,2581.0
784,678211,-21.0,1007,0.010000,157053,100000,0.000310,2585.0
785,679035,-21.0,824,0.010000,157259,100000,0.000389,2588.4
786,679818,-21.0,783,0.010000,157455,100000,0.000355,2591.5
787,680717,-20.0,899,0.010000,157680,100000,0.000416,2595.2
788,681611,-20.0,894,0.010000,157903,100000,0.000336,2598.8
789,682589,-20.0,978,0.010000,158148,100000,0.000316,2602.8
790,683484,-21.0,895,0.010000,158371,100000,0.000350,2606.4
791,684504,-21.0,1020,0.010000,158626,100000,0.000287,2610.6
792,685580,-21.0,1076,0.010000,158895,100000,0.000367,2614.8
793,686363,-21.0,783,0.010000,159091,100000,0.000422,2617.9
794,687286,-21.0,923,0.010000,159322,100000,0.000276,2621.7
795,688069,-21.0,783,0.010000,159518,100000,0.000386,2624.9
796,689048,-21.0,979,0.010000,159762,100000,0.000367,2628.8
797,690166,-20.0,1118,0.010000,160042,100000,0.000597,2633.2
798,691051,-20.0,885,0.010000,160263,100000,0.000842,2636.7
799,691944,-20.0,893,0.010000,160486,100000,0.000699,2640.2
800,692781,-20.0,837,0.010000,160696,100000,0.000590,2643.5
801,693606,-21.0,825,0.010000,160902,100000,0.000496,2646.8
802,694825,-19.0,1219,0.010000,161207,100000,0.000511,2651.7
803,695776,-20.0,951,0.010000,161444,100000,0.000580,2655.6
804,696641,-20.0,865,0.010000,161661,100000,0.000519,2659.1
805,697478,-20.0,837,0.010000,161870,100000,0.000413,2662.4
806,698423,-20.0,945,0.010000,162106,100000,0.000487,2666.2
807,699260,-20.0,837,0.010000,162315,100000,0.000375,2669.6
808,700125,-20.0,865,0.010000,162532,100000,0.000411,2673.1
809,701018,-20.0,893,0.010000,162755,100000,0.000411,2676.7
810,701936,-20.0,918,0.010000,162984,100000,0.000321,2680.4
811,702719,-21.0,783,0.010000,163180,100000,0.000410,2683.7
812,703530,-21.0,811,0.010000,163383,100000,0.000380,2686.9
813,704367,-20.0,837,0.010000,163592,100000,0.000414,2690.3
814,705150,-21.0,783,0.010000,163788,100000,0.000385,2693.5
815,705987,-20.0,837,0.010000,163997,100000,0.000418,2696.9
816,706770,-21.0,783,0.010000,164193,100000,0.000496,2700.1
817,707553,-21.0,783,0.010000,164389,100000,0.000356,2703.2
818,708390,-20.0,837,0.010000,164598,100000,0.000398,2706.6
819,709227,-20.0,837,0.010000,164807,100000,0.000352,2709.9
820,710064,-20.0,837,0.010000,165016,100000,0.000274,2713.5
821,710847,-21.0,783,0.010000,165212,100000,0.000400,2716.6
822,711630,-21.0,783,0.010000,165408,100000,0.000308,2719.7
823,712413,-21.0,783,0.010000,165604,100000,0.000348,2722.8
824,713250,-20.0,837,0.010000,165813,100000,0.000287,2726.2
825,714087,-20.0,837,0.010000,166022,100000,0.000243,2729.6
826,714870,-21.0,783,0.010000,166218,100000,0.000282,2732.7
827,715707,-20.0,837,0.010000,166427,100000,0.000521,2736.0
828,716544,-20.0,837,0.010000,166636,100000,0.000413,2739.4
829,717327,-21.0,783,0.010000,166832,100000,0.000340,2742.5
830,718164,-20.0,837,0.010000,167041,100000,0.000282,2745.8
831,718947,-21.0,783,0.010000,167237,100000,0.000293,2748.9
832,719730,-21.0,783,0.010000,167433,100000,0.000293,2752.2
833,720567,-20.0,837,0.010000,167642,100000,0.000264,2755.6
834,721350,-21.0,783,0.010000,167838,100000,0.000249,2758.7
835,722187,-20.0,837,0.010000,168047,100000,0.000239,2762.0
836,723024,-20.0,837,0.010000,168256,100000,0.000237,2765.4
837,723861,-20.0,837,0.010000,168466,100000,0.000358,2768.8
838,724698,-20.0,837,0.010000,168675,100000,0.000288,2772.2
839,725535,-20.0,837,0.010000,168884,100000,0.000240,2775.6
840,726372,-20.0,837,0.010000,169093,100000,0.000189,2779.0
841,727209,-20.0,837,0.010000,169303,100000,0.000253,2782.3
842,728046,-20.0,837,0.010000,169512,100000,0.000365,2785.6
843,728908,-21.0,862,0.010000,169727,100000,0.000311,2788.9
844,729691,-21.0,783,0.010000,169923,100000,0.000254,2792.1
845,731084,-20.0,1393,0.010000,170271,100000,0.001022,2797.8
846,732283,-19.0,1199,0.010000,170571,100000,0.000548,2802.7
847,733120,-20.0,837,0.010000,170780,100000,0.000414,2806.1
848,733986,-20.0,866,0.010000,170997,100000,0.000390,2809.5
849,734992,-20.0,1006,0.010000,171248,100000,0.000364,2813.5
850,735829,-20.0,837,0.010000,171458,100000,0.000463,2816.9
851,736612,-21.0,783,0.010000,171653,100000,0.000453,2820.0
852,737565,-20.0,953,0.010000,171892,100000,0.000331,2823.9
853,738492,-20.0,927,0.010000,172123,100000,0.000273,2827.7
854,739329,-20.0,837,0.010000,172333,100000,0.000411,2831.1
855,740112,-21.0,783,0.010000,172528,100000,0.000325,2834.3
856,741255,-21.0,1143,0.010000,172814,100000,0.000358,2838.8
857,742176,-20.0,921,0.010000,173044,100000,0.000272,2842.6
858,743369,-21.0,1193,0.010000,173343,100000,0.000241,2847.4
859,744553,-21.0,1184,0.010000,173639,100000,0.000273,2852.1
860,745390,-20.0,837,0.010000,173848,100000,0.000327,2855.4
861,746242,-21.0,852,0.010000,174061,100000,0.000320,2858.9
862,747276,-20.0,1034,0.010000,174319,100000,0.000244,2862.9
863,748282,-20.0,1006,0.010000,174571,100000,0.000319,2866.8
864,749270,-21.0,988,0.010000,174818,100000,0.000261,2870.6
865,750197,-20.0,927,0.010000,175050,100000,0.000284,2874.4
866,751073,-21.0,876,0.010000,175269,100000,0.000235,2877.8
867,751893,-21.0,820,0.010000,175474,100000,0.000277,2881.0
868,752741,-21.0,848,0.010000,175686,100000,0.000247,2884.4
869,753566,-21.0,825,0.010000,175892,100000,0.000417,2887.7
870,754358,-21.0,792,0.010000,176090,100000,0.000347,2890.8
871,755195,-20.0,837,0.010000,176299,100000,0.000277,2894.2
872,756351,-21.0,1156,0.010000,176588,100000,0.000237,2898.9
873,757278,-20.0,927,0.010000,176820,100000,0.000246,2902.7
874,758452,-20.0,1174,0.010000,177113,100000,0.000245,2907.4
875,759452,-20.0,1000,0.010000,177363,100000,0.000300,2911.5
876,760328,-21.0,876,0.010000,177582,100000,0.000356,2915.1
877,761277,-20.0,949,0.010000,177820,100000,0.000309,2918.9
878,762060,-21.0,783,0.010000,178015,100000,0.000219,2922.0
879,763037,-20.0,977,0.010000,178260,100000,0.000257,2925.8
880,764070,-20.0,1033,0.010000,178518,100000,0.000210,2929.8
881,764935,-20.0,865,0.010000,178734,100000,0.000418,2933.1
882,766259,-21.0,1324,0.010000,179065,100000,0.000200,2938.3
883,767149,-20.0,890,0.010000,179288,100000,0.000245,2941.9
884,768324,-21.0,1175,0.010000,179581,100000,0.000228,2946.6
885,769462,-19.0,1138,0.010000,179866,100000,0.000236,2951.1
886,770509,-21.0,1047,0.010000,180128,100000,0.001017,2955.4
887,771609,-21.0,1100,0.010000,180403,100000,0.000707,2959.8
888,772751,-20.0,1142,0.010000,180688,100000,0.000594,2964.4
889,773853,-21.0,1102,0.010000,180964,100000,0.000546,2968.8
890,774935,-21.0,1082,0.010000,181234,100000,0.000536,2973.2
891,775864,-21.0,929,0.010000,181466,100000,0.000429,2976.9
892,777168,-19.0,1304,0.010000,181792,100000,0.000491,2982.2
893,778805,-17.0,1637,0.010000,182202,100000,0.000565,2988.8
894,780361,-17.0,1556,0.010000,182591,100000,0.000656,2995.2
895,781765,-18.0,1404,0.010000,182942,100000,0.000592,3000.9
896,783472,-18.0,1707,0.010000,183368,100000,0.000686,3007.8
897,784586,-20.0,1114,0.010000,183647,100000,0.000565,3012.3
898,785892,-18.0,1306,0.010000,183973,100000,0.000750,3017.6
899,786796,-21.0,904,0.010000,184199,100000,0.000671,3021.3
900,787874,-19.0,1078,0.010000,184469,100000,0.000729,3025.7
901,788928,-19.0,1054,0.010000,184732,100000,0.000884,3030.0
902,790063,-19.0,1135,0.010000,185016,100000,0.000707,3034.6
903,791412,-18.0,1349,0.010000,185353,100000,0.000882,3040.0
904,792507,-19.0,1095,0.010000,185627,100000,0.000849,3044.5
905,793787,-20.0,1280,0.010000,185947,100000,0.000765,3049.7
906,794911,-19.0,1124,0.010000,186228,100000,0.001027,3054.3
907,795893,-20.0,982,0.010000,186474,100000,0.000636,3058.3
908,797440,-19.0,1547,0.010000,186860,100000,0.000873,3064.4
909,798519,-20.0,1079,0.010000,187130,100000,0.001090,3068.6
910,799478,-20.0,959,0.010000,187370,100000,0.000718,3072.4
911,800690,-19.0,1212,0.010000,187673,100000,0.000987,3077.1
912,802105,-19.0,1415,0.010000,188027,100000,0.000914,3082.9
913,803274,-18.0,1169,0.010000,188319,100000,0.000831,3087.7
914,804341,-20.0,1067,0.010000,188586,100000,0.001004,3092.1
915,805585,-17.0,1244,0.010000,188897,100000,0.000910,3097.1
916,806972,-19.0,1387,0.010000,189243,100000,0.000869,3102.7
917,808273,-18.0,1301,0.010000,189569,100000,0.000889,3108.0
918,809357,-19.0,1084,0.010000,189840,100000,0.001051,3112.4
919,810772,-17.0,1415,0.010000,190193,100000,0.002311,3118.1
920,812270,-18.0,1498,0.010000,190568,100000,0.002846,3124.2
921,813534,-19.0,1264,0.010000,190884,100000,0.002632,3129.4
922,814571,-20.0,1037,0.010000,191143,100000,0.002756,3133.6
923,816308,-18.0,1737,0.010000,191577,100000,0.002447,3140.7
924,817735,-19.0,1427,0.010000,191934,100000,0.002391,3146.5
925,819543,-19.0,1808,0.010000,192386,100000,0.002879,3153.8
926,821285,-16.0,1742,0.010000,192822,100000,0.002771,3161.0
927,822667,-18.0,1382,0.010000,193167,100000,0.002759,3166.5
928,824147,-17.0,1480,0.010000,193537,100000,0.002452,3172.5
929,825255,-20.0,1108,0.010000,193814,100000,0.002858,3177.0
930,826640,-18.0,1385,0.010000,194160,100000,0.002651,3182.6
931,828230,-17.0,1590,0.010000,194558,100000,0.002952,3189.0
932,829946,-18.0,1716,0.010000,194987,100000,0.002590,3196.1
933,831110,-20.0,1164,0.010000,195278,100000,0.002801,3200.8
934,832296,-18.0,1186,0.010000,195574,100000,0.002482,3205.5
935,833897,-20.0,1601,0.010000,195975,100000,0.002709,3212.0
936,835373,-19.0,1476,0.010000,196344,100000,0.002818,3218.0
937,836834,-18.0,1461,0.010000,196709,100000,0.002832,3223.9
938,838119,-18.0,1285,0.010000,197030,100000,0.002689,3229.1
939,839472,-18.0,1353,0.010000,197368,100000,0.002886,3234.5
940,840986,-17.0,1514,0.010000,197747,100000,0.002675,3240.7
941,842291,-19.0,1305,0.010000,198073,100000,0.003027,3246.0
942,843406,-20.0,1115,0.010000,198352,100000,0.002869,3250.6
943,844663,-19.0,1257,0.010000,198666,100000,0.002770,3255.8
944,845719,-19.0,1056,0.010000,198930,100000,0.002904,3260.1
945,847094,-18.0,1375,0.010000,199274,100000,0.002800,3265.7
946,848221,-21.0,1127,0.010000,199556,100000,0.002918,3270.3
947,849475,-18.0,1254,0.010000,199869,100000,0.002780,3275.5
948,851185,-16.0,1710,0.010000,200297,100000,0.004707,3282.4
949,853447,-19.0,2262,0.010000,200862,100000,0.005053,3291.5
950,855208,-18.0,1761,0.010000,201302,100000,0.004818,3298.7
951,856921,-16.0,1713,0.010000,201731,100000,0.005159,3305.5
952,859041,-14.0,2120,0.010000,202261,100000,0.004725,3313.8
953,861056,-14.0,2015,0.010000,202764,100000,0.004525,3321.5
954,863290,-13.0,2234,0.010000,203323,100000,0.004583,3330.4
955,864898,-16.0,1608,0.010000,203725,100000,0.004709,3336.9
956,866619,-17.0,1721,0.010000,204155,100000,0.004463,3343.6
957,868456,-16.0,1837,0.010000,204614,100000,0.004268,3351.0
958,870652,-14.0,2196,0.010000,205163,100000,0.004059,3359.8
959,872102,-19.0,1450,0.010000,205526,100000,0.004416,3365.5
960,874321,-15.0,2219,0.010000,206081,100000,0.004149,3374.6
961,875829,-20.0,1508,0.010000,206458,100000,0.004021,3380.7
962,876995,-20.0,1166,0.010000,206749,100000,0.004466,3385.4
963,878724,-18.0,1729,0.010000,207181,100000,0.004599,3392.4
964,880072,-19.0,1348,0.010000,207518,100000,0.004494,3397.9
965,881975,-20.0,1903,0.010000,207994,100000,0.004218,3405.7
966,883272,-16.0,1297,0.010000,208318,100000,0.004343,3411.0
967,885261,-12.0,1989,0.010000,208816,100000,0.004024,3419.1
968,886804,-17.0,1543,0.010000,209201,100000,0.003980,3425.3
969,888609,-20.0,1805,0.010000,209653,100000,0.004104,3432.6
970,890329,-18.0,1720,0.010000,210083,100000,0.004580,3439.4
971,891996,-16.0,1667,0.010000,210499,100000,0.005218,3446.0
972,893901,-13.0,1905,0.010000,210976,100000,0.004714,3453.2
973,895797,-15.0,1896,0.010000,211450,100000,0.004424,3460.5
974,897544,-18.0,1747,0.010000,211886,100000,0.004527,3467.3
975,899443,-16.0,1899,0.010000,212361,100000,0.004297,3475.1
976,901492,-16.0,2049,0.010000,212873,100000,0.004392,3483.5
977,903145,-16.0,1653,0.010000,213287,100000,0.004325,3490.2
978,904936,-15.0,1791,0.010000,213734,100000,0.004262,3497.4
979,906933,-16.0,1997,0.010000,214234,100000,0.004069,3505.5
980,908810,-14.0,1877,0.010000,214703,100000,0.004088,3513.1
981,910822,-18.0,2012,0.010000,215206,100000,0.004040,3521.3
982,913333,-13.0,2511,0.010000,215834,100000,0.003992,3531.6
983,915486,-15.0,2153,0.010000,216372,100000,0.004019,3540.3
984,917146,-17.0,1660,0.010000,216787,100000,0.003932,3547.0
985,919061,-16.0,1915,0.010000,217266,100000,0.003536,3554.8
986,921352,-18.0,2291,0.010000,217838,100000,0.003798,3563.5
987,923543,-17.0,2191,0.010000,218386,100000,0.003622,3572.4
988,925283,-17.0,1740,0.010000,218821,100000,0.004109,3579.4
989,927069,-17.0,1786,0.010000,219268,100000,0.003736,3586.5
990,929054,-16.0,1985,0.010000,219764,100000,0.003886,3594.6
991,931227,-16.0,2173,0.010000,220307,100000,0.004809,3603.3
992,933876,-13.0,2649,0.010000,220969,100000,0.004602,3613.4
993,936294,-13.0,2418,0.010000,221574,100000,0.004257,3622.6
994,938924,-11.0,2630,0.010000,222231,100000,0.003825,3632.7
995,941672,-12.0,2748,0.010000,222918,100000,0.003833,3643.9
996,944549,-10.0,2877,0.010000,223638,100000,0.003724,3655.4
997,946827,-13.0,2278,0.010000,224207,100000,0.003879,3664.4
998,949908,-6.0,3081,0.010000,224977,100000,0.003745,3676.8
999,951883,-15.0,1975,0.010000,225471,100000,0.003801,3684.8
1000,954358,-11.0,2475,0.010000,226090,100000,0.003959,3695.0
1001,956703,-13.0,2345,0.010000,226676,100000,0.003831,3704.5
1002,958765,-13.0,2062,0.010000,227192,100000,0.003726,3712.8
1003,961168,-10.0,2403,0.010000,227792,100000,0.003443,3722.4
1004,963442,-13.0,2274,0.010000,228361,100000,0.003841,3731.3
1005,965472,-14.0,2030,0.010000,228868,100000,0.003626,3739.4
1006,967788,-14.0,2316,0.010000,229447,100000,0.003498,3748.7
1007,969965,-14.0,2177,0.010000,229992,100000,0.003577,3757.7
1008,973369,-6.0,3404,0.010000,230843,100000,0.004854,3771.4
1009,975695,-17.0,2326,0.010000,231424,100000,0.004506,3780.7
1010,978213,-13.0,2518,0.010000,232054,100000,0.003962,3790.9
1011,981407,-7.0,3194,0.010000,232852,100000,0.004333,3803.9
1012,983908,-9.0,2501,0.010000,233477,100000,0.003939,3814.0
1013,986625,-6.0,2717,0.010000,234157,100000,0.003926,3825.0
1014,989163,-11.0,2538,0.010000,234791,100000,0.003627,3835.3
1015,991512,-15.0,2349,0.010000,235378,100000,0.003749,3844.8
1016,994430,-9.0,2918,0.010000,236108,100000,0.003706,3856.6
1017,997231,-12.0,2801,0.010000,236808,100000,0.003494,3868.0
1018,1000324,-11.0,3093,0.010000,237581,100000,0.003457,3880.6
1019,1003188,-11.0,2864,0.010000,238297,100000,0.003399,3892.2
1020,1006109,-9.0,2921,0.010000,239028,100000,0.003493,3904.2
1021,1008985,-8.0,2876,0.010000,239747,100000,0.003490,3915.8
1022,1011945,-7.0,2960,0.010000,240487,100000,0.004356,3927.6
1023,1014295,-14.0,2350,0.010000,241074,100000,0.003922,3937.0
1024,1016971,-10.0,2676,0.010000,241743,100000,0.003830,3947.2
1025,1019945,-9.0,2974,0.010000,242487,100000,0.003585,3958.7
1026,1022158,-17.0,2213,0.010000,243040,100000,0.003667,3967.6
1027,1024938,-11.0,2780,0.010000,243735,100000,0.003419,3978.9
1028,1027940,-11.0,3002,0.010000,244485,100000,0.003355,3991.1
1029,1030998,-11.0,3058,0.010000,245250,100000,0.003393,4003.6
1030,1033694,-9.0,2696,0.010000,245924,100000,0.003342,4014.6
1031,1036723,-12.0,3029,0.010000,246681,100000,0.003307,4026.5
1032,1039571,-11.0,2848,0.010000,247393,100000,0.003335,4037.9
1033,1042910,-6.0,3339,0.010000,248228,100000,0.003170,4051.4
1034,1045889,-10.0,2979,0.010000,248973,100000,0.003074,4063.3
1035,1048547,-13.0,2658,0.010000,249637,100000,0.003226,4074.1
1036,1051295,-10.0,2748,0.010000,250324,100000,0.003710,4085.3
1037,1053358,-14.0,2063,0.010000,250840,100000,0.003783,4093.7
1038,1055981,-10.0,2623,0.010000,251496,100000,0.003388,4104.2
1039,1058654,-8.0,2673,0.010000,252164,100000,0.003379,4114.4
1040,1061394,-7.0,2740,0.010000,252849,100000,0.003095,4125.3
1041,1063828,-15.0,2434,0.010000,253457,100000,0.002885,4135.1
1042,1066787,-16.0,2959,0.010000,254197,100000,0.003025,4146.6
1043,1069201,-12.0,2414,0.010000,254801,100000,0.003038,4155.8
1044,1072449,-7.0,3248,0.010000,255613,100000,0.003106,4169.0
1045,1075730,-10.0,3281,0.010000,256433,100000,0.002887,4182.3
1046,1078400,-13.0,2670,0.010000,257100,100000,0.002908,4193.2
1047,1082126,-4.0,3726,0.010000,258032,100000,0.002928,4208.3
1048,1085213,-11.0,3087,0.010000,258804,100000,0.002862,4220.5
1049,1088030,-12.0,2817,0.010000,259508,100000,0.002828,4231.9
1050,1091239,-14.0,3209,0.010000,260310,100000,0.003464,4245.0
1051,1093899,-13.0,2660,0.010000,260975,100000,0.003450,4255.3
1052,1097088,-7.0,3189,0.010000,261772,100000,0.003329,4267.9
1053,1099561,-13.0,2473,0.010000,262391,100000,0.002959,4278.0
1054,1102283,-11.0,2722,0.010000,263071,100000,0.003086,4288.9
1055,1105052,-8.0,2769,0.010000,263763,100000,0.002845,4299.5
1056,1107993,-8.0,2941,0.010000,264499,100000,0.003009,4311.4
1057,1110885,-6.0,2892,0.010000,265222,100000,0.002967,4323.1
1058,1114067,-4.0,3182,0.010000,266017,100000,0.002754,4335.4
1059,1117422,-4.0,3355,0.010000,266856,100000,0.002631,4348.4
1060,1120336,-7.0,2914,0.010000,267584,100000,0.002635,4359.9
1061,1122841,-13.0,2505,0.010000,268211,100000,0.002814,4369.9
1062,1126430,-7.0,3589,0.010000,269108,100000,0.002563,4383.9
1063,1129882,2.0,3452,0.010000,269971,100000,0.002354,4397.5
1064,1133617,2.0,3735,0.010000,270905,100000,0.003259,4412.2
1065,1137866,-1.0,4249,0.010000,271967,100000,0.002703,4428.7
1066,1141049,-13.0,3183,0.010000,272763,100000,0.002511,4441.7
1067,1144526,-10.0,3477,0.010000,273632,100000,0.002578,4455.5
1068,1147849,-13.0,3323,0.010000,274463,100000,0.002345,4468.9
1069,1152025,-2.0,4176,0.010000,275507,100000,0.002441,4485.4
1070,1155055,-12.0,3030,0.010000,276264,100000,0.002489,4497.7
1071,1159101,4.0,4046,0.010000,277276,100000,0.002414,4514.1
1072,1163113,-4.0,4012,0.010000,278279,100000,0.002402,4530.4
1073,1165981,-11.0,2868,0.010000,278996,100000,0.002280,4542.0
1074,1169462,-10.0,3481,0.010000,279866,100000,0.002525,4556.1
1075,1172596,-8.0,3134,0.010000,280649,100000,0.003190,4568.8
1076,1175435,-11.0,2839,0.010000,281359,100000,0.002771,4580.4
1077,1179154,-6.0,3719,0.010000,282289,100000,0.002731,4595.5
1078,1181560,-11.0,2406,0.010000,282890,100000,0.002542,4605.2
1079,1184899,-8.0,3339,0.010000,283725,100000,0.002312,4618.8
1080,1188836,-2.0,3937,0.010000,284709,100000,0.002566,4634.5
1081,1192777,2.0,3941,0.010000,285695,100000,0.002291,4650.5
1082,1195301,-16.0,2524,0.010000,286326,100000,0.002311,4660.7
1083,1197863,-11.0,2562,0.010000,286966,100000,0.002337,4671.1
1084,1201646,-7.0,3783,0.010000,287912,100000,0.002110,4686.6
1085,1204914,-8.0,3268,0.010000,288729,100000,0.002258,4699.8
1086,1207992,-12.0,3078,0.010000,289498,100000,0.002056,4712.4
1087,1210939,-11.0,2947,0.010000,290235,100000,0.002642,4724.3
1088,1214046,-11.0,3107,0.010000,291012,100000,0.002978,4737.0
1089,1217205,-7.0,3159,0.010000,291802,100000,0.002610,4749.8
1090,1219579,-11.0,2374,0.010000,292395,100000,0.002536,4759.4
1091,1222448,-9.0,2869,0.010000,293112,100000,0.002556,4771.1
1092,1225825,-5.0,3377,0.010000,293957,100000,0.002651,4784.9
1093,1228576,-8.0,2751,0.010000,294644,100000,0.002536,4796.1
1094,1232120,-7.0,3544,0.010000,295530,100000,0.002335,4810.4
1095,1235567,-3.0,3447,0.010000,296392,100000,0.002464,4824.1
1096,1238629,-8.0,3062,0.010000,297158,100000,0.002379,4836.6
1097,1242022,-4.0,3393,0.010000,298006,100000,0.002365,4850.4
1098,1245014,-10.0,2992,0.010000,298754,100000,0.002402,4862.6
1099,1248073,-10.0,3059,0.010000,299519,100000,0.002327,4874.9
1100,1250883,-12.0,2810,0.010000,300221,100000,0.002577,4886.3
1101,1253840,-10.0,2957,0.010000,300960,100000,0.002847,4898.3
1102,1256993,-5.0,3153,0.010000,301749,100000,0.002395,4911.2
1103,1259441,-14.0,2448,0.010000,302361,100000,0.002371,4920.7
1104,1262722,-5.0,3281,0.010000,303181,100000,0.002426,4934.0
1105,1265850,-12.0,3128,0.010000,303963,100000,0.002278,4946.8
1106,1268439,-9.0,2589,0.010000,304610,100000,0.002066,4957.2
1107,1270765,-14.0,2326,0.010000,305192,100000,0.002054,4966.5
1108,1273378,-9.0,2613,0.010000,305845,100000,0.002154,4976.6
1109,1276069,-9.0,2691,0.010000,306518,100000,0.002032,4987.1
1110,1279139,-4.0,3070,0.010000,307285,100000,0.001904,4999.3
1111,1281792,-11.0,2653,0.010000,307948,100000,0.002026,5010.1
1112,1284239,-13.0,2447,0.010000,308560,100000,0.001883,5020.0
1113,1288064,-5.0,3825,0.010000,309516,100000,0.001939,5035.6
1114,1291209,-9.0,3145,0.010000,310303,100000,0.002633,5048.4
1115,1295359,1.0,4150,0.010000,311340,100000,0.002717,5064.1
1116,1298716,-5.0,3357,0.010000,312179,100000,0.002456,5077.6
1117,1302582,-1.0,3866,0.010000,313146,100000,0.002209,5093.4
1118,1306295,-4.0,3713,0.010000,314074,100000,0.002133,5108.3
1119,1309747,-8.0,3452,0.010000,314937,100000,0.002190,5122.1
1120,1313683,1.0,3936,0.010000,315921,100000,0.002146,5137.5
1121,1317019,-9.0,3336,0.010000,316755,100000,0.002287,5150.9
1122,1320830,-4.0,3811,0.010000,317708,100000,0.002065,5166.4
1123,1324480,-4.0,3650,0.010000,318620,100000,0.001987,5181.3
1124,1328168,-3.0,3688,0.010000,319542,100000,0.002110,5196.2
1125,1332107,1.0,3939,0.010000,320527,100000,0.002639,5212.3
1126,1335686,-2.0,3579,0.010000,321422,100000,0.002678,5226.5
1127,1339452,-4.0,3766,0.010000,322363,100000,0.002502,5241.6
1128,1343146,-3.0,3694,0.010000,323287,100000,0.002354,5256.7
1129,1346010,-9.0,2864,0.010000,324003,100000,0.002224,5268.3
1130,1349479,-4.0,3469,0.010000,324870,100000,0.002380,5282.4
1131,1353621,1.0,4142,0.010000,325906,100000,0.002158,5299.2
1132,1356875,-9.0,3254,0.010000,326719,100000,0.002157,5312.5
1133,1360650,-3.0,3775,0.010000,327663,100000,0.002139,5327.8
1134,1364287,-3.0,3637,0.010000,328572,100000,0.001991,5342.6
1135,1367422,-7.0,3135,0.010000,329356,100000,0.002046,5355.3
1136,1371049,-5.0,3627,0.010000,330263,100000,0.002492,5370.1
1137,1375201,2.0,4152,0.010000,331301,100000,0.002878,5386.7
1138,1379347,-4.0,4146,0.010000,332337,100000,0.002540,5403.3
1139,1383075,-6.0,3728,0.010000,333269,100000,0.002328,5418.5
1140,1386621,-5.0,3546,0.010000,334156,100000,0.002405,5433.0
1141,1390242,-8.0,3621,0.010000,335061,100000,0.002150,5447.3
1142,1394176,-4.0,3934,0.010000,336044,100000,0.002280,5463.3
1143,1397840,-6.0,3664,0.010000,336960,100000,0.002159,5478.1
1144,1401143,-6.0,3303,0.010000,337786,100000,0.002037,5491.6
1145,1404586,-4.0,3443,0.010000,338647,100000,0.002233,5505.5
1146,1408031,-4.0,3445,0.010000,339508,100000,0.001869,5519.5
1147,1412176,-2.0,4145,0.010000,340544,100000,0.002541,5536.1
1148,1416418,-6.0,4242,0.010000,341605,100000,0.002475,5553.4
1149,1420994,1.0,4576,0.010000,342749,100000,0.002224,5571.6
1150,1424256,-12.0,3262,0.010000,343564,100000,0.002045,5584.1
1151,1428783,1.0,4527,0.010000,344696,100000,0.002069,5601.4
1152,1432839,-3.0,4056,0.010000,345710,100000,0.002012,5617.9
1153,1436161,-6.0,3322,0.010000,346541,100000,0.001926,5631.4
1154,1440154,-6.0,3993,0.010000,347539,100000,0.001928,5647.3
1155,1443760,-2.0,3606,0.010000,348440,100000,0.001893,5661.8
1156,1447865,-1.0,4105,0.010000,349467,100000,0.001956,5678.5
1157,1451608,-4.0,3743,0.010000,350402,100000,0.002236,5693.7
1158,1454848,-8.0,3240,0.010000,351212,100000,0.002310,5706.8
1159,1458279,-4.0,3431,0.010000,352070,100000,0.002215,5720.4
1160,1462199,-1.0,3920,0.010000,353050,100000,0.001951,5736.3
1161,1465594,-10.0,3395,0.010000,353899,100000,0.002023,5750.1
1162,1470144,-1.0,4550,0.010000,355036,100000,0.001851,5768.5
1163,1472819,-13.0,2675,0.010000,355705,100000,0.001787,5779.3
1164,1476701,-4.0,3882,0.010000,356676,100000,0.001800,5794.8
1165,1480567,1.0,3866,0.010000,357642,100000,0.001753,5810.4
1166,1484730,-6.0,4163,0.010000,358683,100000,0.001708,5827.2
1167,1488602,-4.0,3872,0.010000,359651,100000,0.001695,5842.9
1168,1492294,-8.0,3692,0.010000,360574,100000,0.002453,5857.8
1169,1495698,-7.0,3404,0.010000,361425,100000,0.002165,5871.4
1170,1499974,-5.0,4276,0.010000,362494,100000,0.002117,5888.5
1171,1503089,-8.0,3115,0.010000,363273,100000,0.001917,5900.9
1172,1506422,-6.0,3333,0.010000,364106,100000,0.001913,5913.9
1173,1509232,-9.0,2810,0.010000,364808,100000,0.001788,5924.9
1174,1512454,-7.0,3222,0.010000,365614,100000,0.001829,5937.6
1175,1516302,1.0,3848,0.010000,366576,100000,0.001935,5953.3
1176,1520390,-3.0,4088,0.010000,367598,100000,0.001870,5969.6
1177,1523810,-8.0,3420,0.010000,368453,100000,0.001970,5983.3
1178,1527575,3.0,3765,0.010000,369394,100000,0.001877,5998.4
1179,1531541,-1.0,3966,0.010000,370386,100000,0.002340,6014.4
1180,1535398,1.0,3857,0.010000,371350,100000,0.002596,6029.7
1181,1538967,-4.0,3569,0.010000,372242,100000,0.002169,6044.2
1182,1542905,3.0,3938,0.010000,373227,100000,0.002137,6059.9
1183,1547198,1.0,4293,0.010000,374300,100000,0.002019,6076.9
1184,1550415,-7.0,3217,0.010000,375104,100000,0.001959,6089.3
1185,1554102,-8.0,3687,0.010000,376026,100000,0.001960,6103.4
1186,1558606,1.0,4504,0.010000,377152,100000,0.001957,6121.7
1187,1562479,-6.0,3873,0.010000,378120,100000,0.001917,6137.2
1188,1566205,-2.0,3726,0.010000,379052,100000,0.001902,6152.4
1189,1570238,-2.0,4033,0.010000,380060,100000,0.001880,6168.6
1190,1573946,-5.0,3708,0.010000,380987,100000,0.002828,6183.5
1191,1577817,-5.0,3871,0.010000,381955,100000,0.002291,6199.0
1192,1581908,-2.0,4091,0.010000,382977,100000,0.002135,6215.5
1193,1585584,-8.0,3676,0.010000,383896,100000,0.002032,6230.4
1194,1590347,-1.0,4763,0.010000,385087,100000,0.001997,6249.6
1195,1594145,-5.0,3798,0.010000,386037,100000,0.002033,6265.0
1196,1598154,-4.0,4009,0.010000,387039,100000,0.001946,6281.0
1197,1602343,-3.0,4189,0.010000,388086,100000,0.001930,6297.8
1198,1606614,2.0,4271,0.010000,389154,100000,0.001860,6314.9
1199,1610391,3.0,3777,0.010000,390098,100000,0.002137,6329.9
1200,1614587,-6.0,4196,0.010000,391147,100000,0.002839,6346.9
1201,1618167,-10.0,3580,0.010000,392042,100000,0.002412,6361.5
1202,1622054,-8.0,3887,0.010000,393014,100000,0.002301,6377.1
1203,1626308,-3.0,4254,0.010000,394077,100000,0.002166,6394.4
1204,1630294,-2.0,3986,0.010000,395074,100000,0.001960,6410.4
1205,1633371,-6.0,3077,0.010000,395843,100000,0.002234,6422.9
1206,1637073,1.0,3702,0.010000,396769,100000,0.002090,6437.9
1207,1641212,-6.0,4139,0.010000,397803,100000,0.001963,6454.3
1208,1644825,-4.0,3613,0.010000,398707,100000,0.002081,6468.0
1209,1648337,-5.0,3512,0.010000,399585,100000,0.001748,6481.8
1210,1651628,-7.0,3291,0.010000,400407,100000,0.002764,6495.0
1211,1655847,1.0,4219,0.010000,401462,100000,0.002563,6511.9
1212,1660074,-1.0,4227,0.010000,402519,100000,0.002410,6529.0
1213,1663740,-5.0,3666,0.010000,403435,100000,0.002150,6543.9
1214,1667891,-1.0,4151,0.010000,404473,100000,0.002243,6560.5
1215,1672159,2.0,4268,0.010000,405540,100000,0.002243,6577.0
1216,1676147,1.0,3988,0.010000,406537,100000,0.002014,6592.2
1217,1680087,4.0,3940,0.010000,407522,100000,0.002010,6607.8
1218,1683707,3.0,3620,0.010000,408427,100000,0.001818,6622.5
1219,1687555,-1.0,3848,0.010000,409389,100000,0.001893,6638.1
1220,1691655,-1.0,4100,0.010000,410414,100000,0.002472,6654.8
1221,1695605,-6.0,3950,0.010000,411402,100000,0.002572,6670.9
1222,1699440,1.0,3835,0.010000,412360,100000,0.002190,6686.0
1223,1703298,-2.0,3858,0.010000,413325,100000,0.002127,6701.6
1224,1707598,-3.0,4300,0.010000,414400,100000,0.002197,6719.0
1225,1711334,-3.0,3736,0.010000,415334,100000,0.002188,6733.6
1226,1714750,-4.0,3416,0.010000,416188,100000,0.001884,6746.9
1227,1718629,2.0,3879,0.010000,417158,100000,0.001926,6762.4
1228,1723209,1.0,4580,0.010000,418303,100000,0.001944,6780.9
1229,1726715,9.0,3506,0.010000,419179,100000,0.001830,6795.1
1230,1730870,2.0,4155,0.010000,420218,100000,0.002206,6811.1
1231,1734750,-3.0,3880,0.010000,421188,100000,0.002786,6826.8
1232,1738664,-6.0,3914,0.010000,422166,100000,0.002586,6842.7
1233,1742627,3.0,3963,0.010000,423157,100000,0.002239,6858.9
1234,1746444,-5.0,3817,0.010000,424111,100000,0.002151,6874.3
1235,1750895,-1.0,4451,0.010000,425224,100000,0.002034,6892.3
1236,1754983,1.0,4088,0.010000,426246,100000,0.002037,6908.7
1237,1758492,5.0,3509,0.010000,427123,100000,0.001970,6922.7
1238,1761846,-11.0,3354,0.010000,427962,100000,0.001953,6936.2
1239,1766466,-3.0,4620,0.010000,429117,100000,0.001947,6955.0
1240,1770836,2.0,4370,0.010000,430209,100000,0.002322,6972.6
1241,1775058,-1.0,4222,0.010000,431265,100000,0.003064,6989.8
1242,1778710,-5.0,3652,0.010000,432178,100000,0.002497,7004.0
1243,1782549,3.0,3839,0.010000,433138,100000,0.002409,7019.1
1244,1786746,2.0,4197,0.010000,434187,100000,0.002432,7035.7
1245,1790962,-2.0,4216,0.010000,435241,100000,0.002258,7052.9
1246,1794847,2.0,3885,0.010000,436212,100000,0.002245,7068.7
1247,1799110,6.0,4263,0.010000,437278,100000,0.002080,7086.0
1248,1803140,-4.0,4030,0.010000,438285,100000,0.002035,7102.2
1249,1807555,-1.0,4415,0.010000,439389,100000,0.002055,7119.7
1250,1811768,2.0,4213,0.010000,440442,100000,0.002653,7136.6
1251,1816304,1.0,4536,0.010000,441576,100000,0.002772,7154.7
1252,1820114,4.0,3810,0.010000,442529,100000,0.002399,7169.8
1253,1824567,1.0,4453,0.010000,443642,100000,0.002189,7187.9
1254,1829061,2.0,4494,0.010000,444766,100000,0.002063,7206.3
1255,1833935,2.0,4874,0.010000,445984,100000,0.002123,7225.9
1256,1838293,3.0,4358,0.010000,447074,100000,0.002026,7243.6
1257,1842400,8.0,4107,0.010000,448100,100000,0.002039,7260.3
1258,1846245,3.0,3845,0.010000,449062,100000,0.001861,7276.0
1259,1850651,1.0,4406,0.010000,450163,100000,0.002187,7293.7
1260,1854909,6.0,4258,0.010000,451228,100000,0.002667,7311.0
1261,1859585,2.0,4676,0.010000,452397,100000,0.002221,7330.1
1262,1863340,10.0,3755,0.010000,453335,100000,0.002007,7345.3
1263,1867510,3.0,4170,0.010000,454378,100000,0.001954,7362.2
1264,1871979,-1.0,4469,0.010000,455495,100000,0.001865,7380.0
1265,1876261,-4.0,4282,0.010000,456566,100000,0.001764,7397.4
1266,1880903,-2.0,4642,0.010000,457726,100000,0.001811,7415.8
1267,1885596,3.0,4693,0.010000,458899,100000,0.001819,7434.7
1268,1890579,-1.0,4983,0.010000,460145,100000,0.002070,7454.5
1269,1895142,-1.0,4563,0.010000,461286,100000,0.002596,7473.1
1270,1899130,6.0,3988,0.010000,462283,100000,0.002050,7488.9
1271,1903579,4.0,4449,0.010000,463395,100000,0.001869,7506.4
1272,1906695,-11.0,3116,0.010000,464174,100000,0.001772,7519.0
1273,1910441,-9.0,3746,0.010000,465111,100000,0.001852,7534.2
1274,1914612,2.0,4171,0.010000,466153,100000,0.001849,7551.2
1275,1918487,4.0,3875,0.010000,467122,100000,0.001643,7566.9
1276,1923368,2.0,4881,0.010000,468342,100000,0.001641,7586.5
1277,1928253,1.0,4885,0.010000,469564,100000,0.001481,7606.1
1278,1932164,-8.0,3911,0.010000,470541,100000,0.002491,7622.0
1279,1936380,5.0,4216,0.010000,471595,100000,0.002329,7638.8
1280,1940523,5.0,4143,0.010000,472631,100000,0.002014,7655.5
1281,1944820,2.0,4297,0.010000,473705,100000,0.001905,7673.0
1282,1949105,3.0,4285,0.010000,474777,100000,0.001799,7690.2
1283,1953679,3.0,4574,0.010000,475920,100000,0.001824,7708.6
1284,1957475,7.0,3796,0.010000,476869,100000,0.001870,7723.5
1285,1962356,-1.0,4881,0.010000,478089,100000,0.001805,7743.1
1286,1967290,-3.0,4934,0.010000,479323,100000,0.001837,7763.2
1287,1972097,5.0,4807,0.010000,480525,100000,0.002297,7782.6
1288,1976782,5.0,4685,0.010000,481696,100000,0.002220,7801.5
1289,1980698,5.0,3916,0.010000,482675,100000,0.001946,7817.0
1290,1985947,3.0,5249,0.010000,483987,100000,0.001896,7838.4
1291,1990487,2.0,4540,0.010000,485122,100000,0.001801,7856.8
1292,1995255,1.0,4768,0.010000,486314,100000,0.001666,7875.6
1293,1999498,-3.0,4243,0.010000,487375,100000,0.001716,7892.8
