timestamp, temperature.gpu, clocks.current.sm [MHz], power.draw [W], utilization.gpu [%], memory.used [MiB]
2026/10/08 13:55:22.577, 47, 300 MHz, 9.60 W, 3 %, 1894 MiB
2026/10/08 13:55:52.643, 49, 1395 MHz, 29.91 W, 33 %, 2058 MiB
2026/10/08 13:56:22.731, 50, 1365 MHz, 30.86 W, 32 %, 1939 MiB
2026/10/08 13:56:52.792, 51, 1080 MHz, 31.26 W, 40 %, 2089 MiB
2026/10/08 13:57:22.847, 52, 945 MHz, 27.25 W, 37 %, 2015 MiB
2026/10/08 13:57:52.896, 52, 1020 MHz, 26.89 W, 37 %, 1994 MiB
2026/10/08 13:58:22.961, 53, 855 MHz, 26.25 W, 35 %, 2016 MiB
2026/10/08 13:58:53.012, 53, 1035 MHz, 26.68 W, 37 %, 2064 MiB
2026/10/08 13:59:23.080, 57, 1770 MHz, 45.65 W, 26 %, 2037 MiB
2026/10/08 13:59:53.141, 58, 1665 MHz, 45.38 W, 35 %, 2057 MiB
2026/10/08 14:00:23.197, 59, 1590 MHz, 42.40 W, 32 %, 2078 MiB
2026/10/08 14:00:53.243, 61, 1650 MHz, 44.82 W, 34 %, 2088 MiB
2026/10/08 14:01:23.300, 59, 900 MHz, 27.80 W, 38 %, 2106 MiB
2026/10/08 14:01:53.365, 58, 810 MHz, 27.26 W, 38 %, 2069 MiB
2026/10/08 14:02:23.417, 58, 780 MHz, 26.77 W, 39 %, 2059 MiB
2026/10/08 14:02:53.467, 57, 795 MHz, 26.77 W, 38 %, 2060 MiB
2026/10/08 14:03:23.518, 57, 795 MHz, 26.85 W, 38 %, 2060 MiB
2026/10/08 14:03:53.567, 56, 795 MHz, 27.01 W, 38 %, 2060 MiB
2026/10/08 14:04:23.618, 56, 810 MHz, 26.78 W, 38 %, 2060 MiB
2026/10/08 14:04:53.669, 56, 795 MHz, 26.47 W, 38 %, 2059 MiB
2026/10/08 14:05:23.720, 56, 825 MHz, 26.75 W, 39 %, 2059 MiB
2026/10/08 14:05:53.786, 56, 810 MHz, 27.15 W, 38 %, 2060 MiB
2026/10/08 14:06:23.837, 56, 825 MHz, 26.43 W, 39 %, 2060 MiB
2026/10/08 14:06:53.886, 56, 795 MHz, 26.61 W, 38 %, 2044 MiB
2026/10/08 14:07:23.935, 56, 870 MHz, 26.63 W, 37 %, 2053 MiB
2026/10/08 14:07:53.988, 56, 795 MHz, 26.92 W, 38 %, 2012 MiB
2026/10/08 14:08:24.039, 56, 840 MHz, 27.19 W, 39 %, 2011 MiB
2026/10/08 14:08:54.087, 56, 810 MHz, 26.72 W, 37 %, 2011 MiB
2026/10/08 14:09:24.138, 56, 825 MHz, 26.58 W, 37 %, 2011 MiB
2026/10/08 14:09:54.189, 55, 825 MHz, 27.22 W, 39 %, 2011 MiB
2026/10/08 14:10:24.239, 56, 825 MHz, 26.73 W, 39 %, 2011 MiB
2026/10/08 14:10:54.290, 56, 780 MHz, 26.48 W, 38 %, 2011 MiB
2026/10/08 14:11:24.340, 55, 825 MHz, 26.48 W, 37 %, 2012 MiB
2026/10/08 14:11:54.390, 56, 810 MHz, 27.11 W, 39 %, 2012 MiB
2026/10/08 14:12:24.441, 55, 810 MHz, 26.50 W, 38 %, 2016 MiB
2026/10/08 14:12:54.492, 56, 1395 MHz, 34.84 W, 42 %, 2030 MiB
2026/10/08 14:13:24.542, 56, 1365 MHz, 31.14 W, 37 %, 2035 MiB
2026/10/08 14:13:54.604, 58, 1725 MHz, 51.27 W, 34 %, 2142 MiB
2026/10/08 14:14:24.660, 59, 1125 MHz, 31.21 W, 29 %, 2182 MiB
2026/10/08 14:14:54.723, 60, 1725 MHz, 49.91 W, 32 %, 2186 MiB
2026/10/08 14:15:24.778, 61, 1515 MHz, 43.03 W, 38 %, 2074 MiB
2026/10/08 14:15:54.829, 60, 945 MHz, 28.34 W, 36 %, 2101 MiB
2026/10/08 14:16:24.878, 59, 1005 MHz, 27.65 W, 38 %, 2177 MiB
2026/10/08 14:16:54.927, 59, 870 MHz, 27.05 W, 38 %, 2113 MiB
2026/10/08 14:17:24.978, 58, 885 MHz, 27.05 W, 37 %, 2130 MiB
2026/10/08 14:17:55.029, 58, 810 MHz, 27.20 W, 38 %, 2177 MiB
2026/10/08 14:18:25.079, 58, 975 MHz, 27.48 W, 38 %, 2245 MiB
2026/10/08 14:18:55.128, 57, 840 MHz, 26.78 W, 37 %, 2198 MiB
2026/10/08 14:19:25.177, 57, 795 MHz, 26.80 W, 38 %, 2228 MiB
2026/10/08 14:19:55.226, 57, 795 MHz, 27.13 W, 39 %, 2230 MiB
2026/10/08 14:20:25.280, 57, 795 MHz, 26.86 W, 39 %, 2222 MiB
2026/10/08 14:20:55.330, 57, 840 MHz, 27.00 W, 38 %, 2222 MiB
2026/10/08 14:21:25.380, 57, 780 MHz, 27.13 W, 37 %, 2197 MiB
2026/10/08 14:21:55.431, 57, 855 MHz, 26.93 W, 38 %, 2210 MiB
2026/10/08 14:22:25.482, 57, 825 MHz, 26.76 W, 38 %, 2205 MiB
2026/10/08 14:22:55.529, 57, 795 MHz, 26.77 W, 39 %, 2205 MiB
2026/10/08 14:23:25.583, 57, 1065 MHz, 31.47 W, 36 %, 2266 MiB
2026/10/08 14:23:55.630, 60, 1590 MHz, 40.97 W, 33 %, 2163 MiB
2026/10/08 14:24:25.684, 59, 930 MHz, 27.44 W, 35 %, 1261 MiB
2026/10/08 14:24:55.734, 58, 840 MHz, 27.24 W, 39 %, 1246 MiB
2026/10/08 14:25:25.785, 58, 795 MHz, 26.79 W, 38 %, 1245 MiB
2026/10/08 14:25:55.834, 58, 825 MHz, 26.95 W, 37 %, 1245 MiB
2026/10/08 14:26:25.884, 58, 930 MHz, 28.15 W, 37 %, 1207 MiB
2026/10/08 14:26:55.932, 61, 1650 MHz, 45.48 W, 35 %, 1924 MiB
2026/10/08 14:27:25.983, 62, 1635 MHz, 43.03 W, 34 %, 1925 MiB
2026/10/08 14:27:56.035, 61, 840 MHz, 28.32 W, 38 %, 1154 MiB
2026/10/08 14:28:26.086, 60, 825 MHz, 27.19 W, 37 %, 1211 MiB
2026/10/08 14:28:56.137, 59, 810 MHz, 27.19 W, 37 %, 1202 MiB
2026/10/08 14:29:26.203, 58, 810 MHz, 27.36 W, 39 %, 1198 MiB
2026/10/08 14:29:56.254, 58, 780 MHz, 27.37 W, 38 %, 1198 MiB
2026/10/08 14:30:26.304, 58, 795 MHz, 26.87 W, 39 %, 1198 MiB
2026/10/08 14:30:56.356, 57, 855 MHz, 27.20 W, 39 %, 1203 MiB
2026/10/08 14:31:26.405, 57, 810 MHz, 26.99 W, 38 %, 1198 MiB
2026/10/08 14:31:56.455, 57, 810 MHz, 26.84 W, 37 %, 1198 MiB
2026/10/08 14:32:26.506, 57, 780 MHz, 27.07 W, 38 %, 1198 MiB
2026/10/08 14:32:56.557, 57, 795 MHz, 27.24 W, 38 %, 1198 MiB
2026/10/08 14:33:26.606, 57, 795 MHz, 27.09 W, 39 %, 1198 MiB
2026/10/08 14:33:56.668, 57, 825 MHz, 27.19 W, 37 %, 1198 MiB
2026/10/08 14:34:26.720, 57, 795 MHz, 26.93 W, 38 %, 1198 MiB
2026/10/08 14:34:56.771, 57, 930 MHz, 27.26 W, 36 %, 1247 MiB
2026/10/08 14:35:26.841, 57, 780 MHz, 27.38 W, 38 %, 1221 MiB
2026/10/08 14:35:56.892, 57, 825 MHz, 26.79 W, 38 %, 1223 MiB
2026/10/08 14:36:26.940, 57, 900 MHz, 26.80 W, 39 %, 1220 MiB
2026/10/08 14:36:56.993, 57, 1005 MHz, 27.89 W, 37 %, 1259 MiB
2026/10/08 14:37:27.042, 57, 825 MHz, 26.82 W, 36 %, 1264 MiB
2026/10/08 14:37:57.092, 57, 855 MHz, 26.96 W, 39 %, 1228 MiB
2026/10/08 14:38:27.143, 57, 825 MHz, 27.06 W, 38 %, 1224 MiB
2026/10/08 14:38:57.195, 57, 870 MHz, 26.86 W, 38 %, 1232 MiB
2026/10/08 14:39:27.240, 57, 885 MHz, 27.33 W, 39 %, 1178 MiB
2026/10/08 14:39:57.291, 57, 870 MHz, 27.03 W, 38 %, 1226 MiB
2026/10/08 14:40:27.346, 57, 810 MHz, 26.83 W, 38 %, 1252 MiB
2026/10/08 14:40:57.395, 57, 825 MHz, 27.31 W, 40 %, 1251 MiB
2026/10/08 14:41:27.445, 57, 915 MHz, 26.75 W, 38 %, 1324 MiB
2026/10/08 14:41:57.496, 57, 990 MHz, 28.07 W, 32 %, 1308 MiB
2026/10/08 14:42:27.541, 57, 840 MHz, 27.09 W, 38 %, 1271 MiB
2026/10/08 14:42:57.598, 57, 885 MHz, 27.12 W, 40 %, 1284 MiB
2026/10/08 14:43:27.647, 57, 915 MHz, 27.85 W, 38 %, 1277 MiB
2026/10/08 14:43:57.715, 57, 825 MHz, 26.81 W, 38 %, 1311 MiB
2026/10/08 14:44:27.765, 57, 885 MHz, 27.41 W, 38 %, 1281 MiB
2026/10/08 14:44:57.818, 57, 795 MHz, 26.97 W, 39 %, 1284 MiB
2026/10/08 14:45:27.864, 57, 810 MHz, 27.14 W, 39 %, 1276 MiB
2026/10/08 14:45:57.916, 57, 795 MHz, 27.06 W, 38 %, 1281 MiB
2026/10/08 14:46:27.949, 57, 810 MHz, 26.77 W, 39 %, 1276 MiB
2026/10/08 14:46:57.999, 57, 990 MHz, 27.30 W, 40 %, 1278 MiB
2026/10/08 14:47:28.079, 57, 900 MHz, 26.96 W, 37 %, 1287 MiB
2026/10/08 14:47:58.133, 57, 960 MHz, 27.73 W, 34 %, 1315 MiB
2026/10/08 14:48:28.184, 57, 840 MHz, 26.61 W, 38 %, 1235 MiB
2026/10/08 14:48:58.233, 57, 780 MHz, 26.73 W, 39 %, 1267 MiB
2026/10/08 14:49:28.285, 57, 1020 MHz, 27.90 W, 38 %, 1281 MiB
2026/10/08 14:49:58.334, 57, 900 MHz, 27.17 W, 35 %, 1329 MiB
2026/10/08 14:50:28.378, 57, 870 MHz, 27.36 W, 36 %, 1295 MiB
2026/10/08 14:50:58.432, 57, 870 MHz, 27.45 W, 39 %, 1286 MiB
2026/10/08 14:51:28.486, 57, 780 MHz, 27.15 W, 39 %, 1276 MiB
2026/10/08 14:51:58.537, 57, 825 MHz, 26.76 W, 38 %, 1281 MiB
2026/10/08 14:52:28.586, 57, 780 MHz, 26.91 W, 39 %, 1276 MiB
2026/10/08 14:52:58.637, 57, 930 MHz, 27.84 W, 37 %, 1310 MiB
2026/10/08 14:53:28.687, 57, 795 MHz, 26.73 W, 38 %, 1275 MiB
2026/10/08 14:53:58.738, 57, 810 MHz, 26.74 W, 37 %, 1280 MiB
2026/10/08 14:54:28.788, 56, 810 MHz, 26.71 W, 38 %, 1276 MiB
2026/10/08 14:54:58.839, 57, 885 MHz, 27.29 W, 36 %, 1311 MiB
2026/10/08 14:55:28.887, 56, 780 MHz, 27.03 W, 39 %, 1276 MiB
2026/10/08 14:55:58.939, 56, 885 MHz, 27.17 W, 39 %, 1281 MiB
2026/10/08 14:56:28.995, 56, 840 MHz, 27.43 W, 39 %, 1294 MiB
2026/10/08 14:56:59.038, 56, 855 MHz, 26.91 W, 38 %, 1316 MiB
2026/10/08 14:57:29.089, 56, 825 MHz, 26.83 W, 39 %, 1278 MiB
2026/10/08 14:57:59.142, 56, 810 MHz, 27.00 W, 37 %, 1314 MiB
2026/10/08 14:58:29.191, 56, 885 MHz, 27.27 W, 37 %, 1317 MiB
2026/10/08 14:58:59.241, 56, 795 MHz, 26.75 W, 37 %, 1272 MiB
2026/10/08 14:59:29.293, 57, 810 MHz, 26.83 W, 38 %, 1272 MiB
2026/10/08 14:59:59.343, 57, 810 MHz, 27.01 W, 38 %, 1272 MiB
2026/10/08 15:00:29.394, 56, 795 MHz, 26.78 W, 38 %, 1272 MiB
2026/10/08 15:00:59.442, 57, 990 MHz, 27.62 W, 41 %, 1313 MiB
2026/10/08 15:01:29.491, 57, 855 MHz, 26.55 W, 37 %, 1272 MiB
2026/10/08 15:01:59.543, 56, 780 MHz, 27.28 W, 38 %, 1272 MiB
2026/10/08 15:02:29.609, 56, 900 MHz, 27.15 W, 40 %, 1272 MiB
2026/10/08 15:02:59.660, 57, 915 MHz, 27.05 W, 36 %, 1214 MiB
2026/10/08 15:03:29.724, 57, 795 MHz, 26.85 W, 39 %, 1237 MiB
2026/10/08 15:03:59.776, 57, 855 MHz, 27.19 W, 39 %, 1228 MiB
2026/10/08 15:04:29.827, 56, 825 MHz, 26.81 W, 37 %, 1227 MiB
2026/10/08 15:04:59.878, 56, 795 MHz, 26.86 W, 39 %, 1227 MiB
2026/10/08 15:05:29.929, 56, 795 MHz, 26.72 W, 38 %, 1227 MiB
2026/10/08 15:05:59.981, 56, 840 MHz, 26.96 W, 38 %, 1227 MiB
2026/10/08 15:06:30.048, 56, 930 MHz, 27.56 W, 38 %, 1240 MiB
2026/10/08 15:07:00.097, 56, 840 MHz, 27.38 W, 37 %, 1251 MiB
2026/10/08 15:07:30.146, 56, 795 MHz, 26.98 W, 39 %, 1227 MiB
2026/10/08 15:08:00.198, 56, 810 MHz, 26.79 W, 37 %, 1227 MiB
2026/10/08 15:08:30.249, 56, 855 MHz, 27.06 W, 38 %, 1227 MiB
2026/10/08 15:09:00.298, 56, 840 MHz, 27.21 W, 39 %, 1227 MiB
2026/10/08 15:09:30.349, 56, 780 MHz, 26.71 W, 38 %, 1227 MiB
2026/10/08 15:10:00.414, 56, 825 MHz, 26.70 W, 38 %, 1228 MiB
2026/10/08 15:10:30.466, 56, 795 MHz, 26.74 W, 37 %, 1235 MiB
2026/10/08 15:11:00.517, 56, 810 MHz, 26.89 W, 37 %, 1227 MiB
2026/10/08 15:11:30.550, 56, 765 MHz, 26.64 W, 39 %, 1232 MiB
2026/10/08 15:12:00.601, 56, 795 MHz, 27.07 W, 38 %, 1228 MiB
2026/10/08 15:12:30.651, 56, 795 MHz, 27.04 W, 39 %, 1228 MiB
2026/10/08 15:13:00.702, 56, 825 MHz, 26.85 W, 36 %, 1228 MiB
2026/10/08 15:13:30.752, 56, 810 MHz, 27.06 W, 37 %, 1262 MiB
2026/10/08 15:14:00.803, 56, 765 MHz, 26.96 W, 39 %, 1236 MiB
2026/10/08 15:14:30.853, 56, 765 MHz, 26.84 W, 38 %, 1228 MiB
2026/10/08 15:15:00.904, 56, 795 MHz, 27.26 W, 38 %, 1228 MiB
2026/10/08 15:15:30.953, 56, 810 MHz, 27.22 W, 38 %, 1228 MiB
2026/10/08 15:16:01.002, 57, 795 MHz, 26.72 W, 38 %, 1230 MiB
2026/10/08 15:16:31.054, 56, 795 MHz, 26.75 W, 38 %, 1234 MiB
2026/10/08 15:17:01.104, 56, 795 MHz, 26.97 W, 39 %, 1230 MiB
2026/10/08 15:17:31.155, 56, 855 MHz, 27.36 W, 40 %, 1231 MiB
2026/10/08 15:18:01.205, 56, 780 MHz, 26.64 W, 40 %, 1231 MiB
2026/10/08 15:18:31.257, 56, 900 MHz, 27.46 W, 37 %, 1231 MiB
2026/10/08 15:19:01.307, 56, 780 MHz, 26.76 W, 39 %, 1239 MiB
2026/10/08 15:19:31.369, 56, 870 MHz, 27.18 W, 39 %, 1231 MiB
2026/10/08 15:20:01.424, 56, 870 MHz, 26.98 W, 39 %, 1231 MiB
2026/10/08 15:20:31.471, 56, 870 MHz, 26.47 W, 35 %, 1264 MiB
2026/10/08 15:21:01.531, 57, 975 MHz, 27.57 W, 37 %, 1279 MiB
2026/10/08 15:21:31.591, 56, 780 MHz, 27.22 W, 38 %, 1245 MiB
2026/10/08 15:22:01.642, 56, 795 MHz, 26.84 W, 38 %, 1245 MiB
2026/10/08 15:22:31.689, 56, 795 MHz, 27.05 W, 39 %, 1246 MiB
2026/10/08 15:23:01.742, 56, 765 MHz, 27.35 W, 38 %, 1246 MiB
2026/10/08 15:23:31.790, 56, 825 MHz, 26.96 W, 38 %, 1245 MiB
2026/10/08 15:24:01.843, 56, 810 MHz, 26.63 W, 36 %, 1245 MiB
2026/10/08 15:24:31.893, 56, 780 MHz, 26.67 W, 38 %, 1246 MiB
2026/10/08 15:25:01.943, 56, 795 MHz, 26.99 W, 38 %, 1246 MiB
2026/10/08 15:25:31.994, 56, 810 MHz, 26.98 W, 37 %, 1246 MiB
2026/10/08 15:26:02.045, 56, 795 MHz, 27.11 W, 38 %, 1246 MiB
2026/10/08 15:26:32.094, 56, 780 MHz, 27.33 W, 39 %, 1246 MiB
2026/10/08 15:27:02.143, 56, 795 MHz, 26.68 W, 37 %, 1246 MiB
2026/10/08 15:27:32.196, 56, 810 MHz, 26.88 W, 38 %, 1246 MiB
2026/10/08 15:28:02.262, 56, 780 MHz, 26.85 W, 39 %, 1227 MiB
2026/10/08 15:28:32.313, 56, 870 MHz, 27.39 W, 39 %, 1215 MiB
2026/10/08 15:29:02.362, 56, 780 MHz, 27.19 W, 38 %, 1215 MiB
2026/10/08 15:29:32.413, 56, 795 MHz, 26.94 W, 39 %, 1215 MiB
2026/10/08 15:30:02.464, 56, 795 MHz, 26.75 W, 38 %, 1215 MiB
2026/10/08 15:30:32.515, 56, 810 MHz, 26.66 W, 38 %, 1221 MiB
2026/10/08 15:31:02.563, 56, 795 MHz, 26.74 W, 38 %, 1214 MiB
2026/10/08 15:31:32.614, 56, 810 MHz, 26.80 W, 38 %, 1214 MiB
2026/10/08 15:32:02.665, 56, 810 MHz, 26.62 W, 38 %, 1214 MiB
2026/10/08 15:32:32.710, 56, 810 MHz, 26.86 W, 39 %, 1214 MiB
2026/10/08 15:33:02.766, 56, 825 MHz, 26.90 W, 37 %, 1214 MiB
2026/10/08 15:33:32.817, 56, 810 MHz, 26.73 W, 38 %, 1214 MiB
2026/10/08 15:34:02.866, 56, 810 MHz, 26.82 W, 39 %, 1214 MiB
2026/10/08 15:34:32.916, 56, 780 MHz, 26.67 W, 38 %, 1214 MiB
2026/10/08 15:35:02.967, 56, 825 MHz, 27.48 W, 39 %, 1214 MiB
2026/10/08 15:35:33.017, 56, 780 MHz, 26.71 W, 38 %, 1214 MiB
2026/10/08 15:36:03.068, 56, 840 MHz, 27.10 W, 39 %, 1214 MiB
2026/10/08 15:36:33.118, 56, 810 MHz, 26.83 W, 38 %, 1219 MiB
2026/10/08 15:37:03.168, 56, 855 MHz, 27.35 W, 39 %, 1213 MiB
2026/10/08 15:37:33.231, 56, 780 MHz, 26.82 W, 38 %, 1223 MiB
2026/10/08 15:38:03.293, 56, 840 MHz, 27.44 W, 37 %, 1213 MiB
2026/10/08 15:38:33.352, 56, 810 MHz, 27.03 W, 39 %, 1214 MiB
2026/10/08 15:39:03.403, 56, 810 MHz, 26.85 W, 38 %, 1214 MiB
2026/10/08 15:39:33.454, 56, 825 MHz, 27.11 W, 38 %, 1192 MiB
2026/10/08 15:40:03.504, 56, 840 MHz, 27.46 W, 39 %, 1182 MiB
2026/10/08 15:40:33.551, 56, 885 MHz, 27.65 W, 36 %, 1200 MiB
2026/10/08 15:41:03.603, 56, 795 MHz, 26.88 W, 38 %, 1181 MiB
2026/10/08 15:41:33.638, 56, 780 MHz, 27.28 W, 39 %, 1182 MiB
2026/10/08 15:42:03.688, 56, 765 MHz, 26.84 W, 39 %, 1182 MiB
2026/10/08 15:42:33.740, 56, 780 MHz, 27.11 W, 38 %, 1182 MiB
2026/10/08 15:43:03.791, 56, 825 MHz, 26.82 W, 38 %, 1182 MiB
2026/10/08 15:43:33.856, 56, 810 MHz, 26.92 W, 37 %, 1182 MiB
2026/10/08 15:44:03.906, 56, 825 MHz, 26.98 W, 39 %, 1182 MiB
2026/10/08 15:44:33.959, 56, 900 MHz, 27.74 W, 39 %, 1217 MiB
2026/10/08 15:45:04.004, 56, 825 MHz, 27.53 W, 39 %, 1181 MiB
2026/10/08 15:45:34.056, 56, 825 MHz, 27.18 W, 39 %, 1182 MiB
2026/10/08 15:46:04.107, 56, 825 MHz, 27.19 W, 38 %, 1182 MiB
2026/10/08 15:46:34.159, 56, 780 MHz, 26.74 W, 37 %, 1182 MiB
2026/10/08 15:47:04.207, 56, 825 MHz, 27.12 W, 39 %, 1182 MiB
2026/10/08 15:47:34.260, 56, 780 MHz, 27.25 W, 38 %, 1190 MiB
2026/10/08 15:48:04.310, 56, 855 MHz, 27.36 W, 38 %, 1182 MiB
2026/10/08 15:48:34.360, 56, 810 MHz, 26.98 W, 38 %, 1182 MiB
2026/10/08 15:49:04.409, 56, 870 MHz, 26.91 W, 37 %, 1210 MiB
2026/10/08 15:49:34.462, 56, 810 MHz, 27.23 W, 39 %, 1190 MiB
2026/10/08 15:50:04.512, 56, 900 MHz, 26.99 W, 36 %, 1225 MiB
2026/10/08 15:50:34.559, 57, 1020 MHz, 27.64 W, 35 %, 1224 MiB
2026/10/08 15:51:04.612, 56, 810 MHz, 26.80 W, 39 %, 1190 MiB
2026/10/08 15:51:34.663, 56, 840 MHz, 26.88 W, 38 %, 1190 MiB
2026/10/08 15:52:04.713, 56, 810 MHz, 26.82 W, 38 %, 1190 MiB
2026/10/08 15:52:34.759, 56, 795 MHz, 26.59 W, 38 %, 1190 MiB
2026/10/08 15:53:04.814, 56, 810 MHz, 26.99 W, 38 %, 1190 MiB
2026/10/08 15:53:34.865, 56, 780 MHz, 27.03 W, 39 %, 1190 MiB
2026/10/08 15:54:04.915, 56, 795 MHz, 26.90 W, 38 %, 1198 MiB
2026/10/08 15:54:34.963, 57, 795 MHz, 27.23 W, 38 %, 1190 MiB
2026/10/08 15:55:05.015, 56, 810 MHz, 27.13 W, 37 %, 1190 MiB
2026/10/08 15:55:35.066, 56, 795 MHz, 26.95 W, 39 %, 1190 MiB
2026/10/08 15:56:05.115, 56, 825 MHz, 27.10 W, 37 %, 1190 MiB
2026/10/08 15:56:35.161, 56, 780 MHz, 27.28 W, 38 %, 1190 MiB
2026/10/08 15:57:05.217, 57, 825 MHz, 27.07 W, 39 %, 1190 MiB
2026/10/08 15:57:35.266, 57, 840 MHz, 26.82 W, 36 %, 1225 MiB
2026/10/08 15:58:05.318, 56, 780 MHz, 26.84 W, 38 %, 1215 MiB
2026/10/08 15:58:35.365, 56, 825 MHz, 27.11 W, 38 %, 1195 MiB
2026/10/08 15:59:05.419, 57, 825 MHz, 27.07 W, 39 %, 1228 MiB
2026/10/08 15:59:35.467, 56, 795 MHz, 26.71 W, 39 %, 1220 MiB
2026/10/08 16:00:05.519, 56, 825 MHz, 26.99 W, 38 %, 1220 MiB
2026/10/08 16:00:35.570, 57, 900 MHz, 27.03 W, 37 %, 1253 MiB
2026/10/08 16:01:05.631, 56, 795 MHz, 26.81 W, 38 %, 1220 MiB
2026/10/08 16:01:35.687, 57, 780 MHz, 26.71 W, 39 %, 1220 MiB
2026/10/08 16:02:05.736, 57, 780 MHz, 26.85 W, 38 %, 1220 MiB
2026/10/08 16:02:35.787, 57, 795 MHz, 26.87 W, 38 %, 1220 MiB
2026/10/08 16:03:05.833, 57, 810 MHz, 27.10 W, 38 %, 1209 MiB
2026/10/08 16:03:35.888, 57, 1050 MHz, 31.33 W, 36 %, 1258 MiB
2026/10/08 16:04:05.935, 57, 870 MHz, 27.58 W, 38 %, 1204 MiB
2026/10/08 16:04:35.989, 57, 915 MHz, 27.29 W, 36 %, 1193 MiB
2026/10/08 16:05:06.039, 57, 885 MHz, 27.42 W, 34 %, 1250 MiB
2026/10/08 16:05:36.089, 57, 810 MHz, 26.95 W, 39 %, 1216 MiB
2026/10/08 16:06:06.156, 57, 855 MHz, 27.00 W, 36 %, 1230 MiB
2026/10/08 16:06:36.205, 57, 825 MHz, 27.01 W, 38 %, 1215 MiB
2026/10/08 16:07:06.239, 57, 795 MHz, 26.93 W, 38 %, 1226 MiB
